slide_id,fold,WSI_Id,label_desc,WSI_Dir,Case_ID,label_id,Patient_ID,BRAF_mutation
TCGA-AA-3947-01Z-00-DX1,1,TCGA-AA-3947_MSIH,MSIH,E:\Aamir Gulzar\dataset\Patches\Patches\TCGA-AA-3947_MSIH,0,0,TCGA-AA-3947,MUT
TCGA-A6-6654-01Z-00-DX1,1,TCGA-A6-6654_nonMSIH,nonMSIH,E:\Aamir Gulzar\dataset\Patches\Patches\TCGA-A6-6654_nonMSIH,1,1,TCGA-A6-6654,WT
TCGA-AD-6888-01Z-00-DX1,1,TCGA-AD-6888_nonMSIH,nonMSIH,E:\Aamir Gulzar\dataset\Patches\Patches\TCGA-AD-6888_nonMSIH,2,1,TCGA-AD-6888,WT
TCGA-A6-A565-01Z-00-DX1,1,TCGA-A6-A565_nonMSIH,nonMSIH,E:\Aamir Gulzar\dataset\Patches\Patches\TCGA-A6-A565_nonMSIH,3,1,TCGA-A6-A565,WT
TCGA-AA-3837-01Z-00-DX1,1,TCGA-AA-3837_nonMSIH,nonMSIH,E:\Aamir Gulzar\dataset\Patches\Patches\TCGA-AA-3837_nonMSIH,4,1,TCGA-AA-3837,WT
TCGA-A6-6651-01Z-00-DX1,1,TCGA-A6-6651_nonMSIH,nonMSIH,E:\Aamir Gulzar\dataset\Patches\Patches\TCGA-A6-6651_nonMSIH,5,1,TCGA-A6-6651,WT
TCGA-AA-3875-01Z-00-DX1,1,TCGA-AA-3875_nonMSIH,nonMSIH,E:\Aamir Gulzar\dataset\Patches\Patches\TCGA-AA-3875_nonMSIH,6,1,TCGA-AA-3875,WT
TCGA-G4-6586-01Z-00-DX1,1,TCGA-G4-6586_MSIH,MSIH,E:\Aamir Gulzar\dataset\Patches\Patches\TCGA-G4-6586_MSIH,7,0,TCGA-G4-6586,MUT
TCGA-D5-6931-01Z-00-DX1,1,TCGA-D5-6931_nonMSIH,nonMSIH,E:\Aamir Gulzar\dataset\Patches\Patches\TCGA-D5-6931_nonMSIH,8,1,TCGA-D5-6931,WT
TCGA-A6-A567-01Z-00-DX1,1,TCGA-A6-A567_nonMSIH,nonMSIH,E:\Aamir Gulzar\dataset\Patches\Patches\TCGA-A6-A567_nonMSIH,9,1,TCGA-A6-A567,WT
TCGA-AA-3812-01Z-00-DX1,1,TCGA-AA-3812_nonMSIH,nonMSIH,E:\Aamir Gulzar\dataset\Patches\Patches\TCGA-AA-3812_nonMSIH,10,1,TCGA-AA-3812,WT
TCGA-QG-A5YX-01Z-00-DX1,1,TCGA-QG-A5YX_nonMSIH,nonMSIH,E:\Aamir Gulzar\dataset\Patches\Patches\TCGA-QG-A5YX_nonMSIH,11,1,TCGA-QG-A5YX,WT
TCGA-D5-6529-01Z-00-DX1,1,TCGA-D5-6529_nonMSIH,nonMSIH,E:\Aamir Gulzar\dataset\Patches\Patches\TCGA-D5-6529_nonMSIH,12,1,TCGA-D5-6529,WT
TCGA-CM-6678-01Z-00-DX1,1,TCGA-CM-6678_nonMSIH,nonMSIH,E:\Aamir Gulzar\dataset\Patches\Patches\TCGA-CM-6678_nonMSIH,13,1,TCGA-CM-6678,WT
TCGA-NH-A50V-01Z-00-DX1,1,TCGA-NH-A50V_nonMSIH,nonMSIH,E:\Aamir Gulzar\dataset\Patches\Patches\TCGA-NH-A50V_nonMSIH,14,1,TCGA-NH-A50V,WT
TCGA-AZ-6603-01Z-00-DX1,1,TCGA-AZ-6603_nonMSIH,nonMSIH,E:\Aamir Gulzar\dataset\Patches\Patches\TCGA-AZ-6603_nonMSIH,15,1,TCGA-AZ-6603,WT
TCGA-A6-6137-01Z-00-DX1,1,TCGA-A6-6137_nonMSIH,nonMSIH,E:\Aamir Gulzar\dataset\Patches\Patches\TCGA-A6-6137_nonMSIH,16,1,TCGA-A6-6137,WT
TCGA-AA-3979-01Z-00-DX1,1,TCGA-AA-3979_nonMSIH,nonMSIH,E:\Aamir Gulzar\dataset\Patches\Patches\TCGA-AA-3979_nonMSIH,17,1,TCGA-AA-3979,WT
TCGA-F5-6811-01Z-00-DX1,1,TCGA-F5-6811_nonMSIH,nonMSIH,E:\Aamir Gulzar\dataset\Patches\Patches\TCGA-F5-6811_nonMSIH,18,1,TCGA-F5-6811,WT
TCGA-CM-5868-01Z-00-DX1,1,TCGA-CM-5868_nonMSIH,nonMSIH,,19,1,TCGA-CM-5868,WT
TCGA-F4-6809-01Z-00-DX1,1,TCGA-F4-6809_nonMSIH,nonMSIH,E:\Aamir Gulzar\dataset\Patches\Patches\TCGA-F4-6809_nonMSIH,20,1,TCGA-F4-6809,WT
TCGA-D5-6531-01Z-00-DX1,1,TCGA-D5-6531_nonMSIH,nonMSIH,E:\Aamir Gulzar\dataset\Patches\Patches\TCGA-D5-6531_nonMSIH,21,1,TCGA-D5-6531,WT
TCGA-CM-4743-01Z-00-DX1,1,TCGA-CM-4743_MSIH,MSIH,E:\Aamir Gulzar\dataset\Patches\Patches\TCGA-CM-4743_MSIH,22,1,TCGA-CM-4743,WT
TCGA-AA-3688-01Z-00-DX1,1,TCGA-AA-3688_nonMSIH,nonMSIH,E:\Aamir Gulzar\dataset\Patches\Patches\TCGA-AA-3688_nonMSIH,23,1,TCGA-AA-3688,WT
TCGA-G4-6297-01Z-00-DX1,1,TCGA-G4-6297_nonMSIH,nonMSIH,E:\Aamir Gulzar\dataset\Patches\Patches\TCGA-G4-6297_nonMSIH,24,1,TCGA-G4-6297,WT
TCGA-G4-6293-01Z-00-DX1,1,TCGA-G4-6293_nonMSIH,nonMSIH,E:\Aamir Gulzar\dataset\Patches\Patches\TCGA-G4-6293_nonMSIH,25,1,TCGA-G4-6293,WT
TCGA-AZ-4615-01Z-00-DX1,1,TCGA-AZ-4615_MSIH,MSIH,E:\Aamir Gulzar\dataset\Patches\Patches\TCGA-AZ-4615_MSIH,26,0,TCGA-AZ-4615,MUT
TCGA-DM-A28E-01Z-00-DX1,1,TCGA-DM-A28E_nonMSIH,nonMSIH,E:\Aamir Gulzar\dataset\Patches\Patches\TCGA-DM-A28E_nonMSIH,27,1,TCGA-DM-A28E,WT
TCGA-G4-6323-01Z-00-DX1,1,TCGA-G4-6323_nonMSIH,nonMSIH,E:\Aamir Gulzar\dataset\Patches\Patches\TCGA-G4-6323_nonMSIH,28,1,TCGA-G4-6323,WT
TCGA-DM-A1D8-01Z-00-DX1,1,TCGA-DM-A1D8_nonMSIH,nonMSIH,E:\Aamir Gulzar\dataset\Patches\Patches\TCGA-DM-A1D8_nonMSIH,29,1,TCGA-DM-A1D8,WT
TCGA-AF-6136-01Z-00-DX1,1,TCGA-AF-6136_nonMSIH,nonMSIH,E:\Aamir Gulzar\dataset\Patches\Patches\TCGA-AF-6136_nonMSIH,30,1,TCGA-AF-6136,WT
TCGA-AF-2687-01Z-00-DX1,1,TCGA-AF-2687_nonMSIH,nonMSIH,E:\Aamir Gulzar\dataset\Patches\Patches\TCGA-AF-2687_nonMSIH,31,1,TCGA-AF-2687,WT
TCGA-AF-4110-01Z-00-DX1,1,TCGA-AF-4110_nonMSIH,nonMSIH,E:\Aamir Gulzar\dataset\Patches\Patches\TCGA-AF-4110_nonMSIH,32,1,TCGA-AF-4110,WT
TCGA-F4-6808-01Z-00-DX1,1,TCGA-F4-6808_nonMSIH,nonMSIH,E:\Aamir Gulzar\dataset\Patches\Patches\TCGA-F4-6808_nonMSIH,33,1,TCGA-F4-6808,WT
TCGA-AA-A01X-01Z-00-DX1,1,TCGA-AA-A01X_nonMSIH,nonMSIH,E:\Aamir Gulzar\dataset\Patches\Patches\TCGA-AA-A01X_nonMSIH,34,1,TCGA-AA-A01X,WT
TCGA-5M-AAT4-01Z-00-DX1,1,TCGA-5M-AAT4_nonMSIH,nonMSIH,E:\Aamir Gulzar\dataset\Patches\Patches\TCGA-5M-AAT4_nonMSIH,35,1,TCGA-5M-AAT4,WT
TCGA-F5-6465-01Z-00-DX1,1,TCGA-F5-6465_nonMSIH,nonMSIH,E:\Aamir Gulzar\dataset\Patches\Patches\TCGA-F5-6465_nonMSIH,36,1,TCGA-F5-6465,WT
TCGA-AA-3831-01Z-00-DX1,1,TCGA-AA-3831_nonMSIH,nonMSIH,E:\Aamir Gulzar\dataset\Patches\Patches\TCGA-AA-3831_nonMSIH,37,1,TCGA-AA-3831,WT
TCGA-EI-6507-01Z-00-DX1,1,TCGA-EI-6507_MSIH,MSIH,E:\Aamir Gulzar\dataset\Patches\Patches\TCGA-EI-6507_MSIH,38,1,TCGA-EI-6507,WT
TCGA-D5-6539-01Z-00-DX1,1,TCGA-D5-6539_nonMSIH,nonMSIH,E:\Aamir Gulzar\dataset\Patches\Patches\TCGA-D5-6539_nonMSIH,39,1,TCGA-D5-6539,WT
TCGA-D5-6927-01Z-00-DX1,1,TCGA-D5-6927_MSIH,MSIH,E:\Aamir Gulzar\dataset\Patches\Patches\TCGA-D5-6927_MSIH,40,1,TCGA-D5-6927,WT
TCGA-DM-A1D6-01Z-00-DX1,1,TCGA-DM-A1D6_nonMSIH,nonMSIH,E:\Aamir Gulzar\dataset\Patches\Patches\TCGA-DM-A1D6_nonMSIH,41,1,TCGA-DM-A1D6,WT
TCGA-EI-6506-01Z-00-DX1,1,TCGA-EI-6506_nonMSIH,nonMSIH,E:\Aamir Gulzar\dataset\Patches\Patches\TCGA-EI-6506_nonMSIH,42,1,TCGA-EI-6506,WT
TCGA-AZ-4614-01Z-00-DX1,1,TCGA-AZ-4614_nonMSIH,nonMSIH,E:\Aamir Gulzar\dataset\Patches\Patches\TCGA-AZ-4614_nonMSIH,43,0,TCGA-AZ-4614,MUT
TCGA-G4-6588-01Z-00-DX1,1,TCGA-G4-6588_MSIH,MSIH,E:\Aamir Gulzar\dataset\Patches\Patches\TCGA-G4-6588_MSIH,44,0,TCGA-G4-6588,MUT
TCGA-AA-3818-01Z-00-DX1,1,TCGA-AA-3818_nonMSIH,nonMSIH,E:\Aamir Gulzar\dataset\Patches\Patches\TCGA-AA-3818_nonMSIH,45,1,TCGA-AA-3818,WT
TCGA-DM-A28H-01Z-00-DX1,1,TCGA-DM-A28H_nonMSIH,nonMSIH,E:\Aamir Gulzar\dataset\Patches\Patches\TCGA-DM-A28H_nonMSIH,46,1,TCGA-DM-A28H,WT
TCGA-AA-3984-01Z-00-DX1,1,TCGA-AA-3984_nonMSIH,nonMSIH,E:\Aamir Gulzar\dataset\Patches\Patches\TCGA-AA-3984_nonMSIH,47,1,TCGA-AA-3984,WT
TCGA-CL-5917-01Z-00-DX1,1,TCGA-CL-5917_nonMSIH,nonMSIH,E:\Aamir Gulzar\dataset\Patches\Patches\TCGA-CL-5917_nonMSIH,48,1,TCGA-CL-5917,WT
TCGA-AG-4021-01Z-00-DX1,1,TCGA-AG-4021_nonMSIH,nonMSIH,E:\Aamir Gulzar\dataset\Patches\Patches\TCGA-AG-4021_nonMSIH,49,1,TCGA-AG-4021,WT
TCGA-AG-3726-01Z-00-DX1,1,TCGA-AG-3726_nonMSIH,nonMSIH,E:\Aamir Gulzar\dataset\Patches\Patches\TCGA-AG-3726_nonMSIH,50,1,TCGA-AG-3726,WT
TCGA-AA-3833-01Z-00-DX1,1,TCGA-AA-3833_MSIH,MSIH,E:\Aamir Gulzar\dataset\Patches\Patches\TCGA-AA-3833_MSIH,51,0,TCGA-AA-3833,MUT
TCGA-DC-6682-01Z-00-DX1,1,TCGA-DC-6682_nonMSIH,nonMSIH,E:\Aamir Gulzar\dataset\Patches\Patches\TCGA-DC-6682_nonMSIH,52,1,TCGA-DC-6682,WT
TCGA-G4-6322-01Z-00-DX1,1,TCGA-G4-6322_nonMSIH,nonMSIH,E:\Aamir Gulzar\dataset\Patches\Patches\TCGA-G4-6322_nonMSIH,53,1,TCGA-G4-6322,WT
TCGA-CM-6165-01Z-00-DX1,1,TCGA-CM-6165_nonMSIH,nonMSIH,E:\Aamir Gulzar\dataset\Patches\Patches\TCGA-CM-6165_nonMSIH,54,1,TCGA-CM-6165,WT
TCGA-AA-3684-01Z-00-DX1,1,TCGA-AA-3684_nonMSIH,nonMSIH,E:\Aamir Gulzar\dataset\Patches\Patches\TCGA-AA-3684_nonMSIH,55,0,TCGA-AA-3684,MUT
TCGA-A6-6652-01Z-00-DX1,1,TCGA-A6-6652_nonMSIH,nonMSIH,E:\Aamir Gulzar\dataset\Patches\Patches\TCGA-A6-6652_nonMSIH,56,1,TCGA-A6-6652,WT
TCGA-CM-4744-01Z-00-DX1,1,TCGA-CM-4744_nonMSIH,nonMSIH,E:\Aamir Gulzar\dataset\Patches\Patches\TCGA-CM-4744_nonMSIH,57,1,TCGA-CM-4744,WT
TCGA-AA-3680-01Z-00-DX1,1,TCGA-AA-3680_nonMSIH,nonMSIH,E:\Aamir Gulzar\dataset\Patches\Patches\TCGA-AA-3680_nonMSIH,58,1,TCGA-AA-3680,WT
TCGA-CK-4947-01Z-00-DX1,1,TCGA-CK-4947_nonMSIH,nonMSIH,E:\Aamir Gulzar\dataset\Patches\Patches\TCGA-CK-4947_nonMSIH,59,1,TCGA-CK-4947,WT
TCGA-A6-2686-01Z-00-DX1,1,TCGA-A6-2686_MSIH,MSIH,E:\Aamir Gulzar\dataset\Patches\Patches\TCGA-A6-2686_MSIH,60,0,TCGA-A6-2686,MUT
TCGA-AY-A69D-01Z-00-DX1,1,TCGA-AY-A69D_nonMSIH,nonMSIH,E:\Aamir Gulzar\dataset\Patches\Patches\TCGA-AY-A69D_nonMSIH,61,1,TCGA-AY-A69D,WT
TCGA-DM-A28A-01Z-00-DX1,1,TCGA-DM-A28A_nonMSIH,nonMSIH,E:\Aamir Gulzar\dataset\Patches\Patches\TCGA-DM-A28A_nonMSIH,62,1,TCGA-DM-A28A,WT
TCGA-AA-3693-01Z-00-DX1,1,TCGA-AA-3693_nonMSIH,nonMSIH,E:\Aamir Gulzar\dataset\Patches\Patches\TCGA-AA-3693_nonMSIH,63,1,TCGA-AA-3693,WT
TCGA-A6-3807-01Z-00-DX1,1,TCGA-A6-3807_nonMSIH,nonMSIH,E:\Aamir Gulzar\dataset\Patches\Patches\TCGA-A6-3807_nonMSIH,64,1,TCGA-A6-3807,WT
TCGA-AG-3878-01Z-00-DX1,1,TCGA-AG-3878_nonMSIH,nonMSIH,E:\Aamir Gulzar\dataset\Patches\Patches\TCGA-AG-3878_nonMSIH,65,1,TCGA-AG-3878,WT
TCGA-AA-A01S-01Z-00-DX1,1,TCGA-AA-A01S_nonMSIH,nonMSIH,E:\Aamir Gulzar\dataset\Patches\Patches\TCGA-AA-A01S_nonMSIH,66,1,TCGA-AA-A01S,WT
TCGA-AD-6963-01Z-00-DX1,1,TCGA-AD-6963_nonMSIH,nonMSIH,E:\Aamir Gulzar\dataset\Patches\Patches\TCGA-AD-6963_nonMSIH,67,1,TCGA-AD-6963,WT
TCGA-AD-6901-01Z-00-DX1,1,TCGA-AD-6901_nonMSIH,nonMSIH,E:\Aamir Gulzar\dataset\Patches\Patches\TCGA-AD-6901_nonMSIH,68,1,TCGA-AD-6901,WT
TCGA-EI-6514-01Z-00-DX1,1,TCGA-EI-6514_nonMSIH,nonMSIH,E:\Aamir Gulzar\dataset\Patches\Patches\TCGA-EI-6514_nonMSIH,69,1,TCGA-EI-6514,WT
TCGA-AH-6903-01Z-00-DX1,1,TCGA-AH-6903_nonMSIH,nonMSIH,E:\Aamir Gulzar\dataset\Patches\Patches\TCGA-AH-6903_nonMSIH,70,1,TCGA-AH-6903,WT
TCGA-D5-6534-01Z-00-DX1,1,TCGA-D5-6534_nonMSIH,nonMSIH,E:\Aamir Gulzar\dataset\Patches\Patches\TCGA-D5-6534_nonMSIH,71,0,TCGA-D5-6534,MUT
TCGA-AG-4022-01Z-00-DX1,1,TCGA-AG-4022_nonMSIH,nonMSIH,E:\Aamir Gulzar\dataset\Patches\Patches\TCGA-AG-4022_nonMSIH,72,1,TCGA-AG-4022,WT
TCGA-AG-A011-01Z-00-DX1,1,TCGA-AG-A011_nonMSIH,nonMSIH,E:\Aamir Gulzar\dataset\Patches\Patches\TCGA-AG-A011_nonMSIH,73,1,TCGA-AG-A011,WT
TCGA-D5-6898-01Z-00-DX1,1,TCGA-D5-6898_nonMSIH,nonMSIH,E:\Aamir Gulzar\dataset\Patches\Patches\TCGA-D5-6898_nonMSIH,74,1,TCGA-D5-6898,WT
TCGA-AY-6196-01Z-00-DX1,1,TCGA-AY-6196_nonMSIH,nonMSIH,E:\Aamir Gulzar\dataset\Patches\Patches\TCGA-AY-6196_nonMSIH,75,0,TCGA-AY-6196,MUT
TCGA-CI-6624-01Z-00-DX1,1,TCGA-CI-6624_nonMSIH,nonMSIH,,76,1,TCGA-CI-6624,WT
TCGA-DM-A288-01Z-00-DX1,1,TCGA-DM-A288_nonMSIH,nonMSIH,E:\Aamir Gulzar\dataset\Patches\Patches\TCGA-DM-A288_nonMSIH,77,1,TCGA-DM-A288,WT
TCGA-AG-A01W-01Z-00-DX1,1,TCGA-AG-A01W_nonMSIH,nonMSIH,E:\Aamir Gulzar\dataset\Patches\Patches\TCGA-AG-A01W_nonMSIH,78,1,TCGA-AG-A01W,WT
TCGA-CM-5344-01Z-00-DX1,1,TCGA-CM-5344_nonMSIH,nonMSIH,E:\Aamir Gulzar\dataset\Patches\Patches\TCGA-CM-5344_nonMSIH,79,1,TCGA-CM-5344,WT
TCGA-D5-5537-01Z-00-DX1,1,TCGA-D5-5537_nonMSIH,nonMSIH,E:\Aamir Gulzar\dataset\Patches\Patches\TCGA-D5-5537_nonMSIH,80,1,TCGA-D5-5537,WT
TCGA-G4-6311-01Z-00-DX1,1,TCGA-G4-6311_nonMSIH,nonMSIH,E:\Aamir Gulzar\dataset\Patches\Patches\TCGA-G4-6311_nonMSIH,81,1,TCGA-G4-6311,WT
TCGA-AA-3866-01Z-00-DX1,1,TCGA-AA-3866_nonMSIH,nonMSIH,E:\Aamir Gulzar\dataset\Patches\Patches\TCGA-AA-3866_nonMSIH,82,1,TCGA-AA-3866,WT
TCGA-CK-5916-01Z-00-DX1,1,TCGA-CK-5916_MSIH,MSIH,E:\Aamir Gulzar\dataset\Patches\Patches\TCGA-CK-5916_MSIH,83,1,TCGA-CK-5916,WT
TCGA-5M-AAT6-01Z-00-DX1,1,TCGA-5M-AAT6_MSIH,MSIH,E:\Aamir Gulzar\dataset\Patches\Patches\TCGA-5M-AAT6_MSIH,84,1,TCGA-5M-AAT6,WT
TCGA-AG-3892-01Z-00-DX1,1,TCGA-AG-3892_nonMSIH,nonMSIH,E:\Aamir Gulzar\dataset\Patches\Patches\TCGA-AG-3892_nonMSIH,85,1,TCGA-AG-3892,WT
TCGA-CA-5797-01Z-00-DX1,1,TCGA-CA-5797_nonMSIH,nonMSIH,E:\Aamir Gulzar\dataset\Patches\Patches\TCGA-CA-5797_nonMSIH,86,1,TCGA-CA-5797,WT
TCGA-AA-3867-01Z-00-DX1,1,TCGA-AA-3867_nonMSIH,nonMSIH,E:\Aamir Gulzar\dataset\Patches\Patches\TCGA-AA-3867_nonMSIH,87,1,TCGA-AA-3867,WT
TCGA-AA-3679-01Z-00-DX1,1,TCGA-AA-3679_nonMSIH,nonMSIH,E:\Aamir Gulzar\dataset\Patches\Patches\TCGA-AA-3679_nonMSIH,88,1,TCGA-AA-3679,WT
TCGA-AA-3854-01Z-00-DX1,1,TCGA-AA-3854_nonMSIH,nonMSIH,E:\Aamir Gulzar\dataset\Patches\Patches\TCGA-AA-3854_nonMSIH,89,1,TCGA-AA-3854,WT
TCGA-AG-A008-01Z-00-DX1,1,TCGA-AG-A008_nonMSIH,nonMSIH,E:\Aamir Gulzar\dataset\Patches\Patches\TCGA-AG-A008_nonMSIH,90,1,TCGA-AG-A008,WT
TCGA-AA-3850-01Z-00-DX1,1,TCGA-AA-3850_nonMSIH,nonMSIH,E:\Aamir Gulzar\dataset\Patches\Patches\TCGA-AA-3850_nonMSIH,91,1,TCGA-AA-3850,WT
TCGA-EI-6883-01Z-00-DX1,1,TCGA-EI-6883_nonMSIH,nonMSIH,E:\Aamir Gulzar\dataset\Patches\Patches\TCGA-EI-6883_nonMSIH,92,1,TCGA-EI-6883,WT
TCGA-CA-5255-01Z-00-DX1,1,TCGA-CA-5255_nonMSIH,nonMSIH,E:\Aamir Gulzar\dataset\Patches\Patches\TCGA-CA-5255_nonMSIH,93,1,TCGA-CA-5255,WT
TCGA-AA-3949-01Z-00-DX1,1,TCGA-AA-3949_MSIH,MSIH,E:\Aamir Gulzar\dataset\Patches\Patches\TCGA-AA-3949_MSIH,94,0,TCGA-AA-3949,MUT
TCGA-A6-2671-01Z-00-DX1,1,TCGA-A6-2671_nonMSIH,nonMSIH,E:\Aamir Gulzar\dataset\Patches\Patches\TCGA-A6-2671_nonMSIH,95,1,TCGA-A6-2671,WT
TCGA-D5-6541-01Z-00-DX1,1,TCGA-D5-6541_nonMSIH,nonMSIH,E:\Aamir Gulzar\dataset\Patches\Patches\TCGA-D5-6541_nonMSIH,96,1,TCGA-D5-6541,WT
TCGA-AA-3994-01Z-00-DX1,1,TCGA-AA-3994_nonMSIH,nonMSIH,E:\Aamir Gulzar\dataset\Patches\Patches\TCGA-AA-3994_nonMSIH,97,1,TCGA-AA-3994,WT
TCGA-D5-6540-01Z-00-DX1,1,TCGA-D5-6540_MSIH,MSIH,E:\Aamir Gulzar\dataset\Patches\Patches\TCGA-D5-6540_MSIH,98,0,TCGA-D5-6540,MUT
TCGA-AG-A02N-01Z-00-DX1,1,TCGA-AG-A02N_MSIH,MSIH,E:\Aamir Gulzar\dataset\Patches\Patches\TCGA-AG-A02N_MSIH,99,1,TCGA-AG-A02N,WT
TCGA-DM-A280-01Z-00-DX1,1,TCGA-DM-A280_nonMSIH,nonMSIH,,100,1,TCGA-DM-A280,WT
TCGA-A6-5661-01Z-00-DX1,1,TCGA-A6-5661_MSIH,MSIH,E:\Aamir Gulzar\dataset\Patches\Patches\TCGA-A6-5661_MSIH,101,0,TCGA-A6-5661,MUT
TCGA-DY-A1DD-01Z-00-DX1,1,TCGA-DY-A1DD_nonMSIH,nonMSIH,E:\Aamir Gulzar\dataset\Patches\Patches\TCGA-DY-A1DD_nonMSIH,102,1,TCGA-DY-A1DD,WT
TCGA-AA-A02E-01Z-00-DX1,2,TCGA-AA-A02E_nonMSIH,nonMSIH,E:\Aamir Gulzar\dataset\Patches\Patches\TCGA-AA-A02E_nonMSIH,103,1,TCGA-AA-A02E,WT
TCGA-AY-A71X-01Z-00-DX1,2,TCGA-AY-A71X_nonMSIH,nonMSIH,,104,1,TCGA-AY-A71X,WT
TCGA-NH-A50U-01Z-00-DX1,2,TCGA-NH-A50U_nonMSIH,nonMSIH,E:\Aamir Gulzar\dataset\Patches\Patches\TCGA-NH-A50U_nonMSIH,105,1,TCGA-NH-A50U,WT
TCGA-AZ-6598-01Z-00-DX1,2,TCGA-AZ-6598_MSIH,MSIH,E:\Aamir Gulzar\dataset\Patches\Patches\TCGA-AZ-6598_MSIH,106,0,TCGA-AZ-6598,MUT
TCGA-AY-6386-01Z-00-DX1,2,TCGA-AY-6386_nonMSIH,nonMSIH,E:\Aamir Gulzar\dataset\Patches\Patches\TCGA-AY-6386_nonMSIH,107,1,TCGA-AY-6386,WT
TCGA-AG-4015-01Z-00-DX1,2,TCGA-AG-4015_nonMSIH,nonMSIH,E:\Aamir Gulzar\dataset\Patches\Patches\TCGA-AG-4015_nonMSIH,108,1,TCGA-AG-4015,WT
TCGA-CM-4752-01Z-00-DX1,2,TCGA-CM-4752_nonMSIH,nonMSIH,E:\Aamir Gulzar\dataset\Patches\Patches\TCGA-CM-4752_nonMSIH,109,1,TCGA-CM-4752,WT
TCGA-CL-5918-01Z-00-DX1,2,TCGA-CL-5918_nonMSIH,nonMSIH,E:\Aamir Gulzar\dataset\Patches\Patches\TCGA-CL-5918_nonMSIH,110,1,TCGA-CL-5918,WT
TCGA-D5-5540-01Z-00-DX1,2,TCGA-D5-5540_nonMSIH,nonMSIH,E:\Aamir Gulzar\dataset\Patches\Patches\TCGA-D5-5540_nonMSIH,111,1,TCGA-D5-5540,WT
TCGA-AA-3950-01Z-00-DX1,2,TCGA-AA-3950_MSIH,MSIH,E:\Aamir Gulzar\dataset\Patches\Patches\TCGA-AA-3950_MSIH,112,1,TCGA-AA-3950,WT
TCGA-DY-A1DG-01Z-00-DX1,2,TCGA-DY-A1DG_nonMSIH,nonMSIH,E:\Aamir Gulzar\dataset\Patches\Patches\TCGA-DY-A1DG_nonMSIH,113,1,TCGA-DY-A1DG,WT
TCGA-A6-A56B-01Z-00-DX1,2,TCGA-A6-A56B_nonMSIH,nonMSIH,E:\Aamir Gulzar\dataset\Patches\Patches\TCGA-A6-A56B_nonMSIH,114,1,TCGA-A6-A56B,WT
TCGA-DC-6154-01Z-00-DX1,2,TCGA-DC-6154_MSIH,MSIH,E:\Aamir Gulzar\dataset\Patches\Patches\TCGA-DC-6154_MSIH,115,1,TCGA-DC-6154,WT
TCGA-AA-3968-01Z-00-DX1,2,TCGA-AA-3968_nonMSIH,nonMSIH,E:\Aamir Gulzar\dataset\Patches\Patches\TCGA-AA-3968_nonMSIH,116,1,TCGA-AA-3968,WT
TCGA-AA-3845-01Z-00-DX1,2,TCGA-AA-3845_MSIH,MSIH,E:\Aamir Gulzar\dataset\Patches\Patches\TCGA-AA-3845_MSIH,117,1,TCGA-AA-3845,WT
TCGA-CM-5863-01Z-00-DX1,2,TCGA-CM-5863_nonMSIH,nonMSIH,E:\Aamir Gulzar\dataset\Patches\Patches\TCGA-CM-5863_nonMSIH,118,1,TCGA-CM-5863,WT
TCGA-DY-A1DF-01Z-00-DX1,2,TCGA-DY-A1DF_nonMSIH,nonMSIH,E:\Aamir Gulzar\dataset\Patches\Patches\TCGA-DY-A1DF_nonMSIH,119,1,TCGA-DY-A1DF,WT
TCGA-DM-A28F-01Z-00-DX1,2,TCGA-DM-A28F_nonMSIH,nonMSIH,E:\Aamir Gulzar\dataset\Patches\Patches\TCGA-DM-A28F_nonMSIH,120,1,TCGA-DM-A28F,WT
TCGA-CM-5348-01Z-00-DX1,2,TCGA-CM-5348_nonMSIH,nonMSIH,E:\Aamir Gulzar\dataset\Patches\Patches\TCGA-CM-5348_nonMSIH,121,1,TCGA-CM-5348,WT
TCGA-EI-7004-01Z-00-DX1,2,TCGA-EI-7004_nonMSIH,nonMSIH,E:\Aamir Gulzar\dataset\Patches\Patches\TCGA-EI-7004_nonMSIH,122,1,TCGA-EI-7004,WT
TCGA-A6-2685-01Z-00-DX1,2,TCGA-A6-2685_nonMSIH,nonMSIH,E:\Aamir Gulzar\dataset\Patches\Patches\TCGA-A6-2685_nonMSIH,123,1,TCGA-A6-2685,WT
TCGA-AA-3692-01Z-00-DX1,2,TCGA-AA-3692_nonMSIH,nonMSIH,E:\Aamir Gulzar\dataset\Patches\Patches\TCGA-AA-3692_nonMSIH,124,1,TCGA-AA-3692,WT
TCGA-NH-A8F8-01Z-00-DX1,2,TCGA-NH-A8F8_nonMSIH,nonMSIH,E:\Aamir Gulzar\dataset\Patches\Patches\TCGA-NH-A8F8_nonMSIH,125,1,TCGA-NH-A8F8,WT
TCGA-DC-5337-01Z-00-DX1,2,TCGA-DC-5337_nonMSIH,nonMSIH,E:\Aamir Gulzar\dataset\Patches\Patches\TCGA-DC-5337_nonMSIH,126,1,TCGA-DC-5337,WT
TCGA-F4-6855-01Z-00-DX1,2,TCGA-F4-6855_nonMSIH,nonMSIH,E:\Aamir Gulzar\dataset\Patches\Patches\TCGA-F4-6855_nonMSIH,127,1,TCGA-F4-6855,WT
TCGA-AG-3902-01Z-00-DX1,2,TCGA-AG-3902_nonMSIH,nonMSIH,E:\Aamir Gulzar\dataset\Patches\Patches\TCGA-AG-3902_nonMSIH,128,1,TCGA-AG-3902,WT
TCGA-DM-A1DA-01Z-00-DX1,2,TCGA-DM-A1DA_nonMSIH,nonMSIH,E:\Aamir Gulzar\dataset\Patches\Patches\TCGA-DM-A1DA_nonMSIH,129,0,TCGA-DM-A1DA,MUT
TCGA-F5-6571-01Z-00-DX1,2,TCGA-F5-6571_nonMSIH,nonMSIH,E:\Aamir Gulzar\dataset\Patches\Patches\TCGA-F5-6571_nonMSIH,130,1,TCGA-F5-6571,WT
TCGA-AA-3821-01Z-00-DX1,2,TCGA-AA-3821_MSIH,MSIH,E:\Aamir Gulzar\dataset\Patches\Patches\TCGA-AA-3821_MSIH,131,0,TCGA-AA-3821,MUT
TCGA-DM-A28G-01Z-00-DX1,2,TCGA-DM-A28G_nonMSIH,nonMSIH,E:\Aamir Gulzar\dataset\Patches\Patches\TCGA-DM-A28G_nonMSIH,132,1,TCGA-DM-A28G,WT
TCGA-AA-3842-01Z-00-DX1,2,TCGA-AA-3842_nonMSIH,nonMSIH,E:\Aamir Gulzar\dataset\Patches\Patches\TCGA-AA-3842_nonMSIH,133,1,TCGA-AA-3842,WT
TCGA-DC-5869-01Z-00-DX1,2,TCGA-DC-5869_nonMSIH,nonMSIH,E:\Aamir Gulzar\dataset\Patches\Patches\TCGA-DC-5869_nonMSIH,134,1,TCGA-DC-5869,WT
TCGA-CK-5915-01Z-00-DX1,2,TCGA-CK-5915_nonMSIH,nonMSIH,E:\Aamir Gulzar\dataset\Patches\Patches\TCGA-CK-5915_nonMSIH,135,1,TCGA-CK-5915,WT
TCGA-DM-A1D0-01Z-00-DX1,2,TCGA-DM-A1D0_nonMSIH,nonMSIH,E:\Aamir Gulzar\dataset\Patches\Patches\TCGA-DM-A1D0_nonMSIH,136,1,TCGA-DM-A1D0,WT
TCGA-A6-4107-01Z-00-DX1,2,TCGA-A6-4107_nonMSIH,nonMSIH,E:\Aamir Gulzar\dataset\Patches\Patches\TCGA-A6-4107_nonMSIH,137,1,TCGA-A6-4107,WT
TCGA-CM-6680-01Z-00-DX1,2,TCGA-CM-6680_nonMSIH,nonMSIH,E:\Aamir Gulzar\dataset\Patches\Patches\TCGA-CM-6680_nonMSIH,138,1,TCGA-CM-6680,WT
TCGA-4N-A93T-01Z-00-DX2,2,TCGA-4N-A93T_nonMSIH,nonMSIH,E:\Aamir Gulzar\dataset\Patches\Patches\TCGA-4N-A93T_nonMSIH,139,1,TCGA-4N-A93T,WT
TCGA-AZ-6599-01Z-00-DX1,2,TCGA-AZ-6599_nonMSIH,nonMSIH,E:\Aamir Gulzar\dataset\Patches\Patches\TCGA-AZ-6599_nonMSIH,140,1,TCGA-AZ-6599,WT
TCGA-A6-6653-01Z-00-DX1,2,TCGA-A6-6653_MSIH,MSIH,E:\Aamir Gulzar\dataset\Patches\Patches\TCGA-A6-6653_MSIH,141,0,TCGA-A6-6653,MUT
TCGA-F5-6864-01Z-00-DX1,2,TCGA-F5-6864_nonMSIH,nonMSIH,E:\Aamir Gulzar\dataset\Patches\Patches\TCGA-F5-6864_nonMSIH,142,1,TCGA-F5-6864,WT
TCGA-CM-5860-01Z-00-DX1,2,TCGA-CM-5860_nonMSIH,nonMSIH,,143,1,TCGA-CM-5860,WT
TCGA-AA-3664-01Z-00-DX1,2,TCGA-AA-3664_nonMSIH,nonMSIH,E:\Aamir Gulzar\dataset\Patches\Patches\TCGA-AA-3664_nonMSIH,144,0,TCGA-AA-3664,MUT
TCGA-A6-5665-01Z-00-DX1,2,TCGA-A6-5665_MSIH,MSIH,E:\Aamir Gulzar\dataset\Patches\Patches\TCGA-A6-5665_MSIH,145,0,TCGA-A6-5665,MUT
TCGA-AA-3681-01Z-00-DX1,2,TCGA-AA-3681_nonMSIH,nonMSIH,E:\Aamir Gulzar\dataset\Patches\Patches\TCGA-AA-3681_nonMSIH,146,1,TCGA-AA-3681,WT
TCGA-D5-6929-01Z-00-DX1,2,TCGA-D5-6929_nonMSIH,nonMSIH,E:\Aamir Gulzar\dataset\Patches\Patches\TCGA-D5-6929_nonMSIH,147,1,TCGA-D5-6929,WT
TCGA-AF-A56L-01Z-00-DX1,2,TCGA-AF-A56L_nonMSIH,nonMSIH,E:\Aamir Gulzar\dataset\Patches\Patches\TCGA-AF-A56L_nonMSIH,148,1,TCGA-AF-A56L,WT
TCGA-CM-6162-01Z-00-DX1,2,TCGA-CM-6162_MSIH,MSIH,E:\Aamir Gulzar\dataset\Patches\Patches\TCGA-CM-6162_MSIH,149,1,TCGA-CM-6162,WT
TCGA-AG-3894-01Z-00-DX1,2,TCGA-AG-3894_nonMSIH,nonMSIH,E:\Aamir Gulzar\dataset\Patches\Patches\TCGA-AG-3894_nonMSIH,150,1,TCGA-AG-3894,WT
TCGA-QG-A5YV-01Z-00-DX1,2,TCGA-QG-A5YV_nonMSIH,nonMSIH,E:\Aamir Gulzar\dataset\Patches\Patches\TCGA-QG-A5YV_nonMSIH,151,1,TCGA-QG-A5YV,WT
TCGA-D5-5541-01Z-00-DX1,2,TCGA-D5-5541_nonMSIH,nonMSIH,E:\Aamir Gulzar\dataset\Patches\Patches\TCGA-D5-5541_nonMSIH,152,1,TCGA-D5-5541,WT
TCGA-AZ-6606-01Z-00-DX1,2,TCGA-AZ-6606_nonMSIH,nonMSIH,E:\Aamir Gulzar\dataset\Patches\Patches\TCGA-AZ-6606_nonMSIH,153,1,TCGA-AZ-6606,WT
TCGA-AH-6897-01Z-00-DX1,2,TCGA-AH-6897_nonMSIH,nonMSIH,E:\Aamir Gulzar\dataset\Patches\Patches\TCGA-AH-6897_nonMSIH,154,1,TCGA-AH-6897,WT
TCGA-AA-3856-01Z-00-DX1,2,TCGA-AA-3856_nonMSIH,nonMSIH,E:\Aamir Gulzar\dataset\Patches\Patches\TCGA-AA-3856_nonMSIH,155,1,TCGA-AA-3856,WT
TCGA-CM-6167-01Z-00-DX1,2,TCGA-CM-6167_nonMSIH,nonMSIH,E:\Aamir Gulzar\dataset\Patches\Patches\TCGA-CM-6167_nonMSIH,156,1,TCGA-CM-6167,WT
TCGA-AG-A020-01Z-00-DX1,2,TCGA-AG-A020_nonMSIH,nonMSIH,E:\Aamir Gulzar\dataset\Patches\Patches\TCGA-AG-A020_nonMSIH,157,1,TCGA-AG-A020,WT
TCGA-AA-3811-01Z-00-DX1,2,TCGA-AA-3811_MSIH,MSIH,E:\Aamir Gulzar\dataset\Patches\Patches\TCGA-AA-3811_MSIH,158,1,TCGA-AA-3811,WT
TCGA-F4-6807-01Z-00-DX1,2,TCGA-F4-6807_nonMSIH,nonMSIH,E:\Aamir Gulzar\dataset\Patches\Patches\TCGA-F4-6807_nonMSIH,159,1,TCGA-F4-6807,WT
TCGA-D5-6533-01Z-00-DX1,2,TCGA-D5-6533_nonMSIH,nonMSIH,E:\Aamir Gulzar\dataset\Patches\Patches\TCGA-D5-6533_nonMSIH,160,1,TCGA-D5-6533,WT
TCGA-DC-6158-01Z-00-DX1,2,TCGA-DC-6158_nonMSIH,nonMSIH,E:\Aamir Gulzar\dataset\Patches\Patches\TCGA-DC-6158_nonMSIH,161,1,TCGA-DC-6158,WT
TCGA-G4-6299-01Z-00-DX1,2,TCGA-G4-6299_nonMSIH,nonMSIH,E:\Aamir Gulzar\dataset\Patches\Patches\TCGA-G4-6299_nonMSIH,162,0,TCGA-G4-6299,MUT
TCGA-AH-6644-01Z-00-DX1,2,TCGA-AH-6644_nonMSIH,nonMSIH,E:\Aamir Gulzar\dataset\Patches\Patches\TCGA-AH-6644_nonMSIH,163,1,TCGA-AH-6644,WT
TCGA-DC-6155-01Z-00-DX1,2,TCGA-DC-6155_nonMSIH,nonMSIH,,164,1,TCGA-DC-6155,WT
TCGA-AY-A8YK-01Z-00-DX1,2,TCGA-AY-A8YK_nonMSIH,nonMSIH,E:\Aamir Gulzar\dataset\Patches\Patches\TCGA-AY-A8YK_nonMSIH,165,1,TCGA-AY-A8YK,WT
TCGA-AA-3976-01Z-00-DX1,2,TCGA-AA-3976_nonMSIH,nonMSIH,E:\Aamir Gulzar\dataset\Patches\Patches\TCGA-AA-3976_nonMSIH,166,1,TCGA-AA-3976,WT
TCGA-AG-A00C-01Z-00-DX1,2,TCGA-AG-A00C_nonMSIH,nonMSIH,E:\Aamir Gulzar\dataset\Patches\Patches\TCGA-AG-A00C_nonMSIH,167,1,TCGA-AG-A00C,WT
TCGA-CM-6164-01Z-00-DX1,2,TCGA-CM-6164_nonMSIH,nonMSIH,E:\Aamir Gulzar\dataset\Patches\Patches\TCGA-CM-6164_nonMSIH,168,1,TCGA-CM-6164,WT
TCGA-F4-6463-01Z-00-DX1,2,TCGA-F4-6463_nonMSIH,nonMSIH,E:\Aamir Gulzar\dataset\Patches\Patches\TCGA-F4-6463_nonMSIH,169,1,TCGA-F4-6463,WT
TCGA-AD-6889-01Z-00-DX1,2,TCGA-AD-6889_MSIH,MSIH,E:\Aamir Gulzar\dataset\Patches\Patches\TCGA-AD-6889_MSIH,170,0,TCGA-AD-6889,MUT
TCGA-AY-A54L-01Z-00-DX1,2,TCGA-AY-A54L_nonMSIH,nonMSIH,E:\Aamir Gulzar\dataset\Patches\Patches\TCGA-AY-A54L_nonMSIH,171,1,TCGA-AY-A54L,WT
TCGA-AA-3966-01Z-00-DX1,2,TCGA-AA-3966_MSIH,MSIH,E:\Aamir Gulzar\dataset\Patches\Patches\TCGA-AA-3966_MSIH,172,0,TCGA-AA-3966,MUT
TCGA-F5-6702-01Z-00-DX1,2,TCGA-F5-6702_nonMSIH,nonMSIH,E:\Aamir Gulzar\dataset\Patches\Patches\TCGA-F5-6702_nonMSIH,173,1,TCGA-F5-6702,WT
TCGA-DM-A1D4-01Z-00-DX1,2,TCGA-DM-A1D4_nonMSIH,nonMSIH,E:\Aamir Gulzar\dataset\Patches\Patches\TCGA-DM-A1D4_nonMSIH,174,1,TCGA-DM-A1D4,WT
TCGA-NH-A6GC-01Z-00-DX1,2,TCGA-NH-A6GC_nonMSIH,nonMSIH,E:\Aamir Gulzar\dataset\Patches\Patches\TCGA-NH-A6GC_nonMSIH,175,1,TCGA-NH-A6GC,WT
TCGA-EI-6509-01Z-00-DX1,2,TCGA-EI-6509_nonMSIH,nonMSIH,E:\Aamir Gulzar\dataset\Patches\Patches\TCGA-EI-6509_nonMSIH,176,1,TCGA-EI-6509,WT
TCGA-AA-3986-01Z-00-DX1,2,TCGA-AA-3986_nonMSIH,nonMSIH,E:\Aamir Gulzar\dataset\Patches\Patches\TCGA-AA-3986_nonMSIH,177,1,TCGA-AA-3986,WT
TCGA-AA-3877-01Z-00-DX1,2,TCGA-AA-3877_MSIH,MSIH,E:\Aamir Gulzar\dataset\Patches\Patches\TCGA-AA-3877_MSIH,178,0,TCGA-AA-3877,MUT
TCGA-AG-A02X-01Z-00-DX1,2,TCGA-AG-A02X_nonMSIH,nonMSIH,E:\Aamir Gulzar\dataset\Patches\Patches\TCGA-AG-A02X_nonMSIH,179,1,TCGA-AG-A02X,WT
TCGA-DM-A28M-01Z-00-DX1,2,TCGA-DM-A28M_nonMSIH,nonMSIH,E:\Aamir Gulzar\dataset\Patches\Patches\TCGA-DM-A28M_nonMSIH,180,1,TCGA-DM-A28M,WT
TCGA-AG-A002-01Z-00-DX1,2,TCGA-AG-A002_nonMSIH,nonMSIH,E:\Aamir Gulzar\dataset\Patches\Patches\TCGA-AG-A002_nonMSIH,181,0,TCGA-AG-A002,MUT
TCGA-CM-5862-01Z-00-DX1,2,TCGA-CM-5862_nonMSIH,nonMSIH,E:\Aamir Gulzar\dataset\Patches\Patches\TCGA-CM-5862_nonMSIH,182,1,TCGA-CM-5862,WT
TCGA-CM-5864-01Z-00-DX1,2,TCGA-CM-5864_nonMSIH,nonMSIH,E:\Aamir Gulzar\dataset\Patches\Patches\TCGA-CM-5864_nonMSIH,183,1,TCGA-CM-5864,WT
TCGA-AD-6965-01Z-00-DX1,2,TCGA-AD-6965_nonMSIH,nonMSIH,E:\Aamir Gulzar\dataset\Patches\Patches\TCGA-AD-6965_nonMSIH,184,1,TCGA-AD-6965,WT
TCGA-AD-5900-01Z-00-DX1,2,TCGA-AD-5900_MSIH,MSIH,E:\Aamir Gulzar\dataset\Patches\Patches\TCGA-AD-5900_MSIH,185,0,TCGA-AD-5900,MUT
TCGA-AH-6547-01Z-00-DX1,2,TCGA-AH-6547_nonMSIH,nonMSIH,E:\Aamir Gulzar\dataset\Patches\Patches\TCGA-AH-6547_nonMSIH,186,1,TCGA-AH-6547,WT
TCGA-AA-3673-01Z-00-DX1,2,TCGA-AA-3673_nonMSIH,nonMSIH,E:\Aamir Gulzar\dataset\Patches\Patches\TCGA-AA-3673_nonMSIH,187,1,TCGA-AA-3673,WT
TCGA-AF-2690-01Z-00-DX1,2,TCGA-AF-2690_nonMSIH,nonMSIH,,188,1,TCGA-AF-2690,WT
TCGA-D5-6926-01Z-00-DX1,2,TCGA-D5-6926_nonMSIH,nonMSIH,E:\Aamir Gulzar\dataset\Patches\Patches\TCGA-D5-6926_nonMSIH,189,1,TCGA-D5-6926,WT
TCGA-CM-4747-01Z-00-DX1,2,TCGA-CM-4747_nonMSIH,nonMSIH,E:\Aamir Gulzar\dataset\Patches\Patches\TCGA-CM-4747_nonMSIH,190,1,TCGA-CM-4747,WT
TCGA-AZ-4315-01Z-00-DX1,2,TCGA-AZ-4315_nonMSIH,nonMSIH,E:\Aamir Gulzar\dataset\Patches\Patches\TCGA-AZ-4315_nonMSIH,191,1,TCGA-AZ-4315,WT
TCGA-AA-A02O-01Z-00-DX1,2,TCGA-AA-A02O_nonMSIH,nonMSIH,E:\Aamir Gulzar\dataset\Patches\Patches\TCGA-AA-A02O_nonMSIH,192,1,TCGA-AA-A02O,WT
TCGA-A6-6648-01Z-00-DX1,2,TCGA-A6-6648_nonMSIH,nonMSIH,E:\Aamir Gulzar\dataset\Patches\Patches\TCGA-A6-6648_nonMSIH,193,1,TCGA-A6-6648,WT
TCGA-AF-6655-01Z-00-DX1,2,TCGA-AF-6655_nonMSIH,nonMSIH,E:\Aamir Gulzar\dataset\Patches\Patches\TCGA-AF-6655_nonMSIH,194,1,TCGA-AF-6655,WT
TCGA-AF-A56N-01Z-00-DX1,2,TCGA-AF-A56N_nonMSIH,nonMSIH,E:\Aamir Gulzar\dataset\Patches\Patches\TCGA-AF-A56N_nonMSIH,195,1,TCGA-AF-A56N,WT
TCGA-CA-5254-01Z-00-DX1,2,TCGA-CA-5254_nonMSIH,nonMSIH,E:\Aamir Gulzar\dataset\Patches\Patches\TCGA-CA-5254_nonMSIH,196,1,TCGA-CA-5254,WT
TCGA-AU-3779-01Z-00-DX1,2,TCGA-AU-3779_nonMSIH,nonMSIH,E:\Aamir Gulzar\dataset\Patches\Patches\TCGA-AU-3779_nonMSIH,197,1,TCGA-AU-3779,WT
TCGA-DM-A285-01Z-00-DX1,2,TCGA-DM-A285_nonMSIH,nonMSIH,E:\Aamir Gulzar\dataset\Patches\Patches\TCGA-DM-A285_nonMSIH,198,1,TCGA-DM-A285,WT
TCGA-EI-6881-01Z-00-DX1,2,TCGA-EI-6881_nonMSIH,nonMSIH,E:\Aamir Gulzar\dataset\Patches\Patches\TCGA-EI-6881_nonMSIH,199,1,TCGA-EI-6881,WT
TCGA-CM-4750-01Z-00-DX1,2,TCGA-CM-4750_nonMSIH,nonMSIH,E:\Aamir Gulzar\dataset\Patches\Patches\TCGA-CM-4750_nonMSIH,200,0,TCGA-CM-4750,MUT
TCGA-CK-4950-01Z-00-DX1,3,TCGA-CK-4950_nonMSIH,nonMSIH,E:\Aamir Gulzar\dataset\Patches\Patches\TCGA-CK-4950_nonMSIH,201,1,TCGA-CK-4950,WT
TCGA-AA-A010-01Z-00-DX1,3,TCGA-AA-A010_nonMSIH,nonMSIH,E:\Aamir Gulzar\dataset\Patches\Patches\TCGA-AA-A010_nonMSIH,202,1,TCGA-AA-A010,WT
TCGA-CA-6715-01Z-00-DX1,3,TCGA-CA-6715_nonMSIH,nonMSIH,E:\Aamir Gulzar\dataset\Patches\Patches\TCGA-CA-6715_nonMSIH,203,1,TCGA-CA-6715,WT
TCGA-AF-A56K-01Z-00-DX1,3,TCGA-AF-A56K_nonMSIH,nonMSIH,,204,1,TCGA-AF-A56K,WT
TCGA-D5-6536-01Z-00-DX1,3,TCGA-D5-6536_nonMSIH,nonMSIH,E:\Aamir Gulzar\dataset\Patches\Patches\TCGA-D5-6536_nonMSIH,205,1,TCGA-D5-6536,WT
TCGA-AA-A02H-01Z-00-DX1,3,TCGA-AA-A02H_nonMSIH,nonMSIH,E:\Aamir Gulzar\dataset\Patches\Patches\TCGA-AA-A02H_nonMSIH,206,1,TCGA-AA-A02H,WT
TCGA-G4-6627-01Z-00-DX1,3,TCGA-G4-6627_nonMSIH,nonMSIH,E:\Aamir Gulzar\dataset\Patches\Patches\TCGA-G4-6627_nonMSIH,207,1,TCGA-G4-6627,WT
TCGA-D5-5539-01Z-00-DX1,3,TCGA-D5-5539_nonMSIH,nonMSIH,E:\Aamir Gulzar\dataset\Patches\Patches\TCGA-D5-5539_nonMSIH,208,1,TCGA-D5-5539,WT
TCGA-AA-A01V-01Z-00-DX1,3,TCGA-AA-A01V_nonMSIH,nonMSIH,E:\Aamir Gulzar\dataset\Patches\Patches\TCGA-AA-A01V_nonMSIH,209,1,TCGA-AA-A01V,WT
TCGA-DT-5265-01Z-00-DX1,3,TCGA-DT-5265_nonMSIH,nonMSIH,E:\Aamir Gulzar\dataset\Patches\Patches\TCGA-DT-5265_nonMSIH,210,0,TCGA-DT-5265,MUT
TCGA-D5-6930-01Z-00-DX1,3,TCGA-D5-6930_MSIH,MSIH,E:\Aamir Gulzar\dataset\Patches\Patches\TCGA-D5-6930_MSIH,211,0,TCGA-D5-6930,MUT
TCGA-G4-6315-01Z-00-DX1,3,TCGA-G4-6315_nonMSIH,nonMSIH,E:\Aamir Gulzar\dataset\Patches\Patches\TCGA-G4-6315_nonMSIH,212,1,TCGA-G4-6315,WT
TCGA-DM-A1D7-01Z-00-DX1,3,TCGA-DM-A1D7_nonMSIH,nonMSIH,E:\Aamir Gulzar\dataset\Patches\Patches\TCGA-DM-A1D7_nonMSIH,213,0,TCGA-DM-A1D7,MUT
TCGA-AA-A024-01Z-00-DX1,3,TCGA-AA-A024_nonMSIH,nonMSIH,E:\Aamir Gulzar\dataset\Patches\Patches\TCGA-AA-A024_nonMSIH,214,1,TCGA-AA-A024,WT
TCGA-CM-6676-01Z-00-DX1,3,TCGA-CM-6676_nonMSIH,nonMSIH,E:\Aamir Gulzar\dataset\Patches\Patches\TCGA-CM-6676_nonMSIH,215,1,TCGA-CM-6676,WT
TCGA-F4-6704-01Z-00-DX1,3,TCGA-F4-6704_nonMSIH,nonMSIH,E:\Aamir Gulzar\dataset\Patches\Patches\TCGA-F4-6704_nonMSIH,216,1,TCGA-F4-6704,WT
TCGA-EI-6882-01Z-00-DX1,3,TCGA-EI-6882_MSIH,MSIH,E:\Aamir Gulzar\dataset\Patches\Patches\TCGA-EI-6882_MSIH,217,0,TCGA-EI-6882,MUT
TCGA-CM-5341-01Z-00-DX1,3,TCGA-CM-5341_nonMSIH,nonMSIH,E:\Aamir Gulzar\dataset\Patches\Patches\TCGA-CM-5341_nonMSIH,218,1,TCGA-CM-5341,WT
TCGA-AA-3864-01Z-00-DX1,3,TCGA-AA-3864_MSIH,MSIH,E:\Aamir Gulzar\dataset\Patches\Patches\TCGA-AA-3864_MSIH,219,1,TCGA-AA-3864,WT
TCGA-CA-5796-01Z-00-DX1,3,TCGA-CA-5796_nonMSIH,nonMSIH,E:\Aamir Gulzar\dataset\Patches\Patches\TCGA-CA-5796_nonMSIH,220,1,TCGA-CA-5796,WT
TCGA-F4-6570-01Z-00-DX1,3,TCGA-F4-6570_MSIH,MSIH,E:\Aamir Gulzar\dataset\Patches\Patches\TCGA-F4-6570_MSIH,221,0,TCGA-F4-6570,MUT
TCGA-F4-6856-01Z-00-DX1,3,TCGA-F4-6856_MSIH,MSIH,E:\Aamir Gulzar\dataset\Patches\Patches\TCGA-F4-6856_MSIH,222,1,TCGA-F4-6856,WT
TCGA-QG-A5Z1-01Z-00-DX2,3,TCGA-QG-A5Z1_nonMSIH,nonMSIH,E:\Aamir Gulzar\dataset\Patches\Patches\TCGA-QG-A5Z1_nonMSIH,223,1,TCGA-QG-A5Z1,WT
TCGA-AD-A5EJ-01Z-00-DX1,3,TCGA-AD-A5EJ_MSIH,MSIH,E:\Aamir Gulzar\dataset\Patches\Patches\TCGA-AD-A5EJ_MSIH,224,0,TCGA-AD-A5EJ,MUT
TCGA-D5-6928-01Z-00-DX1,3,TCGA-D5-6928_MSIH,MSIH,E:\Aamir Gulzar\dataset\Patches\Patches\TCGA-D5-6928_MSIH,225,0,TCGA-D5-6928,MUT
TCGA-AD-A5EK-01Z-00-DX1,3,TCGA-AD-A5EK_nonMSIH,nonMSIH,E:\Aamir Gulzar\dataset\Patches\Patches\TCGA-AD-A5EK_nonMSIH,226,1,TCGA-AD-A5EK,WT
TCGA-EI-6510-01Z-00-DX1,3,TCGA-EI-6510_nonMSIH,nonMSIH,E:\Aamir Gulzar\dataset\Patches\Patches\TCGA-EI-6510_nonMSIH,227,1,TCGA-EI-6510,WT
TCGA-AG-A016-01Z-00-DX1,3,TCGA-AG-A016_nonMSIH,nonMSIH,E:\Aamir Gulzar\dataset\Patches\Patches\TCGA-AG-A016_nonMSIH,228,1,TCGA-AG-A016,WT
TCGA-D5-6530-01Z-00-DX1,3,TCGA-D5-6530_MSIH,MSIH,E:\Aamir Gulzar\dataset\Patches\Patches\TCGA-D5-6530_MSIH,229,1,TCGA-D5-6530,WT
TCGA-CM-6674-01Z-00-DX1,3,TCGA-CM-6674_MSIH,MSIH,E:\Aamir Gulzar\dataset\Patches\Patches\TCGA-CM-6674_MSIH,230,1,TCGA-CM-6674,WT
TCGA-AA-3956-01Z-00-DX1,3,TCGA-AA-3956_nonMSIH,nonMSIH,E:\Aamir Gulzar\dataset\Patches\Patches\TCGA-AA-3956_nonMSIH,231,1,TCGA-AA-3956,WT
TCGA-AA-3852-01Z-00-DX1,3,TCGA-AA-3852_nonMSIH,nonMSIH,E:\Aamir Gulzar\dataset\Patches\Patches\TCGA-AA-3852_nonMSIH,232,1,TCGA-AA-3852,WT
TCGA-AA-3715-01Z-00-DX1,3,TCGA-AA-3715_MSIH,MSIH,E:\Aamir Gulzar\dataset\Patches\Patches\TCGA-AA-3715_MSIH,233,0,TCGA-AA-3715,MUT
TCGA-AY-6197-01Z-00-DX1,3,TCGA-AY-6197_MSIH,MSIH,E:\Aamir Gulzar\dataset\Patches\Patches\TCGA-AY-6197_MSIH,234,1,TCGA-AY-6197,WT
TCGA-AA-3858-01Z-00-DX1,3,TCGA-AA-3858_nonMSIH,nonMSIH,E:\Aamir Gulzar\dataset\Patches\Patches\TCGA-AA-3858_nonMSIH,235,1,TCGA-AA-3858,WT
TCGA-A6-6649-01Z-00-DX1,3,TCGA-A6-6649_nonMSIH,nonMSIH,E:\Aamir Gulzar\dataset\Patches\Patches\TCGA-A6-6649_nonMSIH,236,0,TCGA-A6-6649,MUT
TCGA-DC-6683-01Z-00-DX1,3,TCGA-DC-6683_nonMSIH,nonMSIH,E:\Aamir Gulzar\dataset\Patches\Patches\TCGA-DC-6683_nonMSIH,237,1,TCGA-DC-6683,WT
TCGA-AG-3887-01Z-00-DX1,3,TCGA-AG-3887_nonMSIH,nonMSIH,E:\Aamir Gulzar\dataset\Patches\Patches\TCGA-AG-3887_nonMSIH,238,1,TCGA-AG-3887,WT
TCGA-F5-6863-01Z-00-DX1,3,TCGA-F5-6863_nonMSIH,nonMSIH,E:\Aamir Gulzar\dataset\Patches\Patches\TCGA-F5-6863_nonMSIH,239,1,TCGA-F5-6863,WT
TCGA-5M-AATE-01Z-00-DX1,3,TCGA-5M-AATE_nonMSIH,nonMSIH,E:\Aamir Gulzar\dataset\Patches\Patches\TCGA-5M-AATE_nonMSIH,240,1,TCGA-5M-AATE,WT
TCGA-AD-6890-01Z-00-DX1,3,TCGA-AD-6890_nonMSIH,nonMSIH,E:\Aamir Gulzar\dataset\Patches\Patches\TCGA-AD-6890_nonMSIH,241,1,TCGA-AD-6890,WT
TCGA-F4-6854-01Z-00-DX1,3,TCGA-F4-6854_nonMSIH,nonMSIH,E:\Aamir Gulzar\dataset\Patches\Patches\TCGA-F4-6854_nonMSIH,242,1,TCGA-F4-6854,WT
TCGA-CM-4751-01Z-00-DX1,3,TCGA-CM-4751_nonMSIH,nonMSIH,E:\Aamir Gulzar\dataset\Patches\Patches\TCGA-CM-4751_nonMSIH,243,1,TCGA-CM-4751,WT
TCGA-DM-A0XD-01Z-00-DX1,3,TCGA-DM-A0XD_nonMSIH,nonMSIH,E:\Aamir Gulzar\dataset\Patches\Patches\TCGA-DM-A0XD_nonMSIH,244,1,TCGA-DM-A0XD,WT
TCGA-CK-6751-01Z-00-DX1,3,TCGA-CK-6751_nonMSIH,nonMSIH,E:\Aamir Gulzar\dataset\Patches\Patches\TCGA-CK-6751_nonMSIH,245,1,TCGA-CK-6751,WT
TCGA-G4-6298-01Z-00-DX1,3,TCGA-G4-6298_nonMSIH,nonMSIH,E:\Aamir Gulzar\dataset\Patches\Patches\TCGA-G4-6298_nonMSIH,246,1,TCGA-G4-6298,WT
TCGA-G4-6317-01Z-00-DX1,3,TCGA-G4-6317_nonMSIH,nonMSIH,E:\Aamir Gulzar\dataset\Patches\Patches\TCGA-G4-6317_nonMSIH,247,1,TCGA-G4-6317,WT
TCGA-CM-5861-01Z-00-DX1,3,TCGA-CM-5861_MSIH,MSIH,E:\Aamir Gulzar\dataset\Patches\Patches\TCGA-CM-5861_MSIH,248,0,TCGA-CM-5861,MUT
TCGA-AF-3911-01Z-00-DX1,3,TCGA-AF-3911_nonMSIH,nonMSIH,E:\Aamir Gulzar\dataset\Patches\Patches\TCGA-AF-3911_nonMSIH,249,1,TCGA-AF-3911,WT
TCGA-CM-4746-01Z-00-DX1,3,TCGA-CM-4746_MSIH,MSIH,E:\Aamir Gulzar\dataset\Patches\Patches\TCGA-CM-4746_MSIH,250,1,TCGA-CM-4746,WT
TCGA-A6-6142-01Z-00-DX1,3,TCGA-A6-6142_nonMSIH,nonMSIH,E:\Aamir Gulzar\dataset\Patches\Patches\TCGA-A6-6142_nonMSIH,251,1,TCGA-A6-6142,WT
TCGA-SS-A7HO-01Z-00-DX1,3,TCGA-SS-A7HO_nonMSIH,nonMSIH,E:\Aamir Gulzar\dataset\Patches\Patches\TCGA-SS-A7HO_nonMSIH,252,1,TCGA-SS-A7HO,WT
TCGA-A6-5667-01Z-00-DX1,3,TCGA-A6-5667_nonMSIH,nonMSIH,E:\Aamir Gulzar\dataset\Patches\Patches\TCGA-A6-5667_nonMSIH,253,1,TCGA-A6-5667,WT
TCGA-EI-6885-01Z-00-DX1,3,TCGA-EI-6885_nonMSIH,nonMSIH,E:\Aamir Gulzar\dataset\Patches\Patches\TCGA-EI-6885_nonMSIH,254,1,TCGA-EI-6885,WT
TCGA-AA-3975-01Z-00-DX1,3,TCGA-AA-3975_nonMSIH,nonMSIH,E:\Aamir Gulzar\dataset\Patches\Patches\TCGA-AA-3975_nonMSIH,255,1,TCGA-AA-3975,WT
TCGA-F4-6460-01Z-00-DX1,3,TCGA-F4-6460_nonMSIH,nonMSIH,E:\Aamir Gulzar\dataset\Patches\Patches\TCGA-F4-6460_nonMSIH,256,1,TCGA-F4-6460,WT
TCGA-DM-A0XF-01Z-00-DX1,3,TCGA-DM-A0XF_nonMSIH,nonMSIH,E:\Aamir Gulzar\dataset\Patches\Patches\TCGA-DM-A0XF_nonMSIH,257,1,TCGA-DM-A0XF,WT
TCGA-AA-A02F-01Z-00-DX1,3,TCGA-AA-A02F_nonMSIH,nonMSIH,E:\Aamir Gulzar\dataset\Patches\Patches\TCGA-AA-A02F_nonMSIH,258,1,TCGA-AA-A02F,WT
TCGA-AG-3882-01Z-00-DX1,3,TCGA-AG-3882_nonMSIH,nonMSIH,E:\Aamir Gulzar\dataset\Patches\Patches\TCGA-AG-3882_nonMSIH,259,1,TCGA-AG-3882,WT
TCGA-G4-6309-01Z-00-DX1,3,TCGA-G4-6309_MSIH,MSIH,E:\Aamir Gulzar\dataset\Patches\Patches\TCGA-G4-6309_MSIH,260,1,TCGA-G4-6309,WT
TCGA-AA-3844-01Z-00-DX1,3,TCGA-AA-3844_nonMSIH,nonMSIH,E:\Aamir Gulzar\dataset\Patches\Patches\TCGA-AA-3844_nonMSIH,261,1,TCGA-AA-3844,WT
TCGA-DC-6681-01Z-00-DX1,3,TCGA-DC-6681_nonMSIH,nonMSIH,E:\Aamir Gulzar\dataset\Patches\Patches\TCGA-DC-6681_nonMSIH,262,1,TCGA-DC-6681,WT
TCGA-AA-A03F-01Z-00-DX1,3,TCGA-AA-A03F_nonMSIH,nonMSIH,E:\Aamir Gulzar\dataset\Patches\Patches\TCGA-AA-A03F_nonMSIH,263,1,TCGA-AA-A03F,WT
TCGA-AU-6004-01Z-00-DX1,3,TCGA-AU-6004_MSIH,MSIH,E:\Aamir Gulzar\dataset\Patches\Patches\TCGA-AU-6004_MSIH,264,0,TCGA-AU-6004,MUT
TCGA-CM-6170-01Z-00-DX1,3,TCGA-CM-6170_nonMSIH,nonMSIH,E:\Aamir Gulzar\dataset\Patches\Patches\TCGA-CM-6170_nonMSIH,265,1,TCGA-CM-6170,WT
TCGA-EI-6512-01Z-00-DX1,3,TCGA-EI-6512_nonMSIH,nonMSIH,E:\Aamir Gulzar\dataset\Patches\Patches\TCGA-EI-6512_nonMSIH,266,1,TCGA-EI-6512,WT
TCGA-AA-A01Z-01Z-00-DX1,3,TCGA-AA-A01Z_nonMSIH,nonMSIH,E:\Aamir Gulzar\dataset\Patches\Patches\TCGA-AA-A01Z_nonMSIH,267,1,TCGA-AA-A01Z,WT
TCGA-AG-3883-01Z-00-DX1,3,TCGA-AG-3883_nonMSIH,nonMSIH,E:\Aamir Gulzar\dataset\Patches\Patches\TCGA-AG-3883_nonMSIH,268,1,TCGA-AG-3883,WT
TCGA-AA-3989-01Z-00-DX1,3,TCGA-AA-3989_nonMSIH,nonMSIH,E:\Aamir Gulzar\dataset\Patches\Patches\TCGA-AA-3989_nonMSIH,269,1,TCGA-AA-3989,WT
TCGA-G5-6641-01Z-00-DX1,3,TCGA-G5-6641_nonMSIH,nonMSIH,E:\Aamir Gulzar\dataset\Patches\Patches\TCGA-G5-6641_nonMSIH,270,1,TCGA-G5-6641,WT
TCGA-AM-5820-01Z-00-DX1,3,TCGA-AM-5820_nonMSIH,nonMSIH,E:\Aamir Gulzar\dataset\Patches\Patches\TCGA-AM-5820_nonMSIH,271,1,TCGA-AM-5820,WT
TCGA-AA-3819-01Z-00-DX1,3,TCGA-AA-3819_nonMSIH,nonMSIH,E:\Aamir Gulzar\dataset\Patches\Patches\TCGA-AA-3819_nonMSIH,272,1,TCGA-AA-3819,WT
TCGA-CK-6746-01Z-00-DX1,3,TCGA-CK-6746_MSIH,MSIH,E:\Aamir Gulzar\dataset\Patches\Patches\TCGA-CK-6746_MSIH,273,0,TCGA-CK-6746,MUT
TCGA-D5-6932-01Z-00-DX1,3,TCGA-D5-6932_nonMSIH,nonMSIH,E:\Aamir Gulzar\dataset\Patches\Patches\TCGA-D5-6932_nonMSIH,274,1,TCGA-D5-6932,WT
TCGA-CM-6677-01Z-00-DX1,3,TCGA-CM-6677_nonMSIH,nonMSIH,E:\Aamir Gulzar\dataset\Patches\Patches\TCGA-CM-6677_nonMSIH,275,1,TCGA-CM-6677,WT
TCGA-DY-A1DC-01Z-00-DX1,3,TCGA-DY-A1DC_nonMSIH,nonMSIH,E:\Aamir Gulzar\dataset\Patches\Patches\TCGA-DY-A1DC_nonMSIH,276,1,TCGA-DY-A1DC,WT
TCGA-CA-6717-01Z-00-DX1,3,TCGA-CA-6717_nonMSIH,nonMSIH,E:\Aamir Gulzar\dataset\Patches\Patches\TCGA-CA-6717_nonMSIH,277,0,TCGA-CA-6717,MUT
TCGA-DM-A28K-01Z-00-DX1,3,TCGA-DM-A28K_nonMSIH,nonMSIH,E:\Aamir Gulzar\dataset\Patches\Patches\TCGA-DM-A28K_nonMSIH,278,1,TCGA-DM-A28K,WT
TCGA-AD-6548-01Z-00-DX1,3,TCGA-AD-6548_nonMSIH,nonMSIH,E:\Aamir Gulzar\dataset\Patches\Patches\TCGA-AD-6548_nonMSIH,279,1,TCGA-AD-6548,WT
TCGA-A6-5666-01Z-00-DX1,3,TCGA-A6-5666_nonMSIH,nonMSIH,E:\Aamir Gulzar\dataset\Patches\Patches\TCGA-A6-5666_nonMSIH,280,1,TCGA-A6-5666,WT
TCGA-DM-A1HA-01Z-00-DX1,3,TCGA-DM-A1HA_nonMSIH,nonMSIH,E:\Aamir Gulzar\dataset\Patches\Patches\TCGA-DM-A1HA_nonMSIH,281,1,TCGA-DM-A1HA,WT
TCGA-A6-6138-01Z-00-DX1,3,TCGA-A6-6138_nonMSIH,nonMSIH,E:\Aamir Gulzar\dataset\Patches\Patches\TCGA-A6-6138_nonMSIH,282,1,TCGA-A6-6138,WT
TCGA-AA-3973-01Z-00-DX1,3,TCGA-AA-3973_nonMSIH,nonMSIH,E:\Aamir Gulzar\dataset\Patches\Patches\TCGA-AA-3973_nonMSIH,283,1,TCGA-AA-3973,WT
TCGA-CM-6171-01Z-00-DX1,3,TCGA-CM-6171_MSIH,MSIH,E:\Aamir Gulzar\dataset\Patches\Patches\TCGA-CM-6171_MSIH,284,0,TCGA-CM-6171,MUT
TCGA-AZ-5407-01Z-00-DX1,3,TCGA-AZ-5407_nonMSIH,nonMSIH,E:\Aamir Gulzar\dataset\Patches\Patches\TCGA-AZ-5407_nonMSIH,285,1,TCGA-AZ-5407,WT
TCGA-AY-5543-01Z-00-DX1,3,TCGA-AY-5543_nonMSIH,nonMSIH,E:\Aamir Gulzar\dataset\Patches\Patches\TCGA-AY-5543_nonMSIH,286,1,TCGA-AY-5543,WT
TCGA-AA-A01R-01Z-00-DX1,3,TCGA-AA-A01R_MSIH,MSIH,E:\Aamir Gulzar\dataset\Patches\Patches\TCGA-AA-A01R_MSIH,287,1,TCGA-AA-A01R,WT
TCGA-AH-6643-01Z-00-DX1,3,TCGA-AH-6643_nonMSIH,nonMSIH,E:\Aamir Gulzar\dataset\Patches\Patches\TCGA-AH-6643_nonMSIH,288,1,TCGA-AH-6643,WT
TCGA-NH-A50T-01Z-00-DX1,3,TCGA-NH-A50T_nonMSIH,nonMSIH,E:\Aamir Gulzar\dataset\Patches\Patches\TCGA-NH-A50T_nonMSIH,289,1,TCGA-NH-A50T,WT
TCGA-AA-3667-01Z-00-DX1,3,TCGA-AA-3667_nonMSIH,nonMSIH,E:\Aamir Gulzar\dataset\Patches\Patches\TCGA-AA-3667_nonMSIH,290,1,TCGA-AA-3667,WT
TCGA-NH-A6GB-01Z-00-DX1,3,TCGA-NH-A6GB_nonMSIH,nonMSIH,E:\Aamir Gulzar\dataset\Patches\Patches\TCGA-NH-A6GB_nonMSIH,291,1,TCGA-NH-A6GB,WT
TCGA-AG-3890-01Z-00-DX1,3,TCGA-AG-3890_nonMSIH,nonMSIH,E:\Aamir Gulzar\dataset\Patches\Patches\TCGA-AG-3890_nonMSIH,292,1,TCGA-AG-3890,WT
TCGA-AG-3909-01Z-00-DX1,3,TCGA-AG-3909_nonMSIH,nonMSIH,E:\Aamir Gulzar\dataset\Patches\Patches\TCGA-AG-3909_nonMSIH,293,1,TCGA-AG-3909,WT
TCGA-AZ-4308-01Z-00-DX1,3,TCGA-AZ-4308_nonMSIH,nonMSIH,E:\Aamir Gulzar\dataset\Patches\Patches\TCGA-AZ-4308_nonMSIH,294,1,TCGA-AZ-4308,WT
TCGA-A6-2681-01Z-00-DX1,3,TCGA-A6-2681_nonMSIH,nonMSIH,E:\Aamir Gulzar\dataset\Patches\Patches\TCGA-A6-2681_nonMSIH,295,1,TCGA-A6-2681,WT
TCGA-DM-A1DB-01Z-00-DX1,3,TCGA-DM-A1DB_nonMSIH,nonMSIH,E:\Aamir Gulzar\dataset\Patches\Patches\TCGA-DM-A1DB_nonMSIH,296,1,TCGA-DM-A1DB,WT
TCGA-EI-7002-01Z-00-DX1,3,TCGA-EI-7002_nonMSIH,nonMSIH,E:\Aamir Gulzar\dataset\Patches\Patches\TCGA-EI-7002_nonMSIH,297,1,TCGA-EI-7002,WT
TCGA-AG-3898-01Z-00-DX1,3,TCGA-AG-3898_nonMSIH,nonMSIH,E:\Aamir Gulzar\dataset\Patches\Patches\TCGA-AG-3898_nonMSIH,298,1,TCGA-AG-3898,WT
TCGA-AA-A01T-01Z-00-DX1,3,TCGA-AA-A01T_nonMSIH,nonMSIH,E:\Aamir Gulzar\dataset\Patches\Patches\TCGA-AA-A01T_nonMSIH,299,1,TCGA-AA-A01T,WT
TCGA-AA-A02Y-01Z-00-DX1,3,TCGA-AA-A02Y_nonMSIH,nonMSIH,E:\Aamir Gulzar\dataset\Patches\Patches\TCGA-AA-A02Y_nonMSIH,300,1,TCGA-AA-A02Y,WT
TCGA-F5-6464-01Z-00-DX1,3,TCGA-F5-6464_nonMSIH,nonMSIH,E:\Aamir Gulzar\dataset\Patches\Patches\TCGA-F5-6464_nonMSIH,301,0,TCGA-F5-6464,MUT
TCGA-DM-A0X9-01Z-00-DX1,3,TCGA-DM-A0X9_nonMSIH,nonMSIH,E:\Aamir Gulzar\dataset\Patches\Patches\TCGA-DM-A0X9_nonMSIH,302,1,TCGA-DM-A0X9,WT
TCGA-G4-6626-01Z-00-DX1,3,TCGA-G4-6626_nonMSIH,nonMSIH,E:\Aamir Gulzar\dataset\Patches\Patches\TCGA-G4-6626_nonMSIH,303,1,TCGA-G4-6626,WT
TCGA-G4-6302-01Z-00-DX1,3,TCGA-G4-6302_MSIH,MSIH,E:\Aamir Gulzar\dataset\Patches\Patches\TCGA-G4-6302_MSIH,304,0,TCGA-G4-6302,MUT
TCGA-CK-4951-01Z-00-DX1,3,TCGA-CK-4951_MSIH,MSIH,E:\Aamir Gulzar\dataset\Patches\Patches\TCGA-CK-4951_MSIH,305,0,TCGA-CK-4951,MUT
TCGA-AZ-6600-01Z-00-DX1,3,TCGA-AZ-6600_nonMSIH,nonMSIH,E:\Aamir Gulzar\dataset\Patches\Patches\TCGA-AZ-6600_nonMSIH,306,1,TCGA-AZ-6600,WT
TCGA-CL-4957-01Z-00-DX1,3,TCGA-CL-4957_nonMSIH,nonMSIH,E:\Aamir Gulzar\dataset\Patches\Patches\TCGA-CL-4957_nonMSIH,307,1,TCGA-CL-4957,WT
TCGA-CM-6679-01Z-00-DX1,3,TCGA-CM-6679_nonMSIH,nonMSIH,E:\Aamir Gulzar\dataset\Patches\Patches\TCGA-CM-6679_nonMSIH,308,1,TCGA-CM-6679,WT
TCGA-CM-6161-01Z-00-DX1,3,TCGA-CM-6161_nonMSIH,nonMSIH,E:\Aamir Gulzar\dataset\Patches\Patches\TCGA-CM-6161_nonMSIH,309,1,TCGA-CM-6161,WT
TCGA-AA-3848-01Z-00-DX1,3,TCGA-AA-3848_nonMSIH,nonMSIH,E:\Aamir Gulzar\dataset\Patches\Patches\TCGA-AA-3848_nonMSIH,310,1,TCGA-AA-3848,WT
TCGA-AG-3901-01Z-00-DX1,3,TCGA-AG-3901_nonMSIH,nonMSIH,E:\Aamir Gulzar\dataset\Patches\Patches\TCGA-AG-3901_nonMSIH,311,1,TCGA-AG-3901,WT
TCGA-EI-6508-01Z-00-DX1,3,TCGA-EI-6508_nonMSIH,nonMSIH,E:\Aamir Gulzar\dataset\Patches\Patches\TCGA-EI-6508_nonMSIH,312,1,TCGA-EI-6508,WT
TCGA-AA-3952-01Z-00-DX1,4,TCGA-AA-3952_nonMSIH,nonMSIH,E:\Aamir Gulzar\dataset\Patches\Patches\TCGA-AA-3952_nonMSIH,313,1,TCGA-AA-3952,WT
TCGA-CI-6622-01Z-00-DX1,4,TCGA-CI-6622_nonMSIH,nonMSIH,E:\Aamir Gulzar\dataset\Patches\Patches\TCGA-CI-6622_nonMSIH,314,1,TCGA-CI-6622,WT
TCGA-F4-6569-01Z-00-DX1,4,TCGA-F4-6569_nonMSIH,nonMSIH,E:\Aamir Gulzar\dataset\Patches\Patches\TCGA-F4-6569_nonMSIH,315,1,TCGA-F4-6569,WT
TCGA-EF-5830-01Z-00-DX1,4,TCGA-EF-5830_nonMSIH,nonMSIH,E:\Aamir Gulzar\dataset\Patches\Patches\TCGA-EF-5830_nonMSIH,316,1,TCGA-EF-5830,WT
TCGA-AY-4071-01Z-00-DX1,4,TCGA-AY-4071_nonMSIH,nonMSIH,E:\Aamir Gulzar\dataset\Patches\Patches\TCGA-AY-4071_nonMSIH,317,1,TCGA-AY-4071,WT
TCGA-AG-A01N-01Z-00-DX1,4,TCGA-AG-A01N_nonMSIH,nonMSIH,E:\Aamir Gulzar\dataset\Patches\Patches\TCGA-AG-A01N_nonMSIH,318,1,TCGA-AG-A01N,WT
TCGA-G4-6295-01Z-00-DX1,4,TCGA-G4-6295_nonMSIH,nonMSIH,E:\Aamir Gulzar\dataset\Patches\Patches\TCGA-G4-6295_nonMSIH,319,1,TCGA-G4-6295,WT
TCGA-AG-4008-01Z-00-DX1,4,TCGA-AG-4008_nonMSIH,nonMSIH,E:\Aamir Gulzar\dataset\Patches\Patches\TCGA-AG-4008_nonMSIH,320,1,TCGA-AG-4008,WT
TCGA-G4-6304-01Z-00-DX1,4,TCGA-G4-6304_MSIH,MSIH,E:\Aamir Gulzar\dataset\Patches\Patches\TCGA-G4-6304_MSIH,321,1,TCGA-G4-6304,WT
TCGA-AA-3971-01Z-00-DX1,4,TCGA-AA-3971_nonMSIH,nonMSIH,E:\Aamir Gulzar\dataset\Patches\Patches\TCGA-AA-3971_nonMSIH,322,1,TCGA-AA-3971,WT
TCGA-CK-6747-01Z-00-DX1,4,TCGA-CK-6747_MSIH,MSIH,E:\Aamir Gulzar\dataset\Patches\Patches\TCGA-CK-6747_MSIH,323,0,TCGA-CK-6747,MUT
TCGA-AZ-4682-01Z-00-DX1,4,TCGA-AZ-4682_nonMSIH,nonMSIH,E:\Aamir Gulzar\dataset\Patches\Patches\TCGA-AZ-4682_nonMSIH,324,1,TCGA-AZ-4682,WT
TCGA-F4-6461-01Z-00-DX1,4,TCGA-F4-6461_nonMSIH,nonMSIH,E:\Aamir Gulzar\dataset\Patches\Patches\TCGA-F4-6461_nonMSIH,325,1,TCGA-F4-6461,WT
TCGA-AA-3846-01Z-00-DX1,4,TCGA-AA-3846_nonMSIH,nonMSIH,E:\Aamir Gulzar\dataset\Patches\Patches\TCGA-AA-3846_nonMSIH,326,1,TCGA-AA-3846,WT
TCGA-AD-6964-01Z-00-DX1,4,TCGA-AD-6964_MSIH,MSIH,E:\Aamir Gulzar\dataset\Patches\Patches\TCGA-AD-6964_MSIH,327,1,TCGA-AD-6964,WT
TCGA-EI-6884-01Z-00-DX1,4,TCGA-EI-6884_nonMSIH,nonMSIH,E:\Aamir Gulzar\dataset\Patches\Patches\TCGA-EI-6884_nonMSIH,328,1,TCGA-EI-6884,WT
TCGA-AA-3814-01Z-00-DX1,4,TCGA-AA-3814_nonMSIH,nonMSIH,E:\Aamir Gulzar\dataset\Patches\Patches\TCGA-AA-3814_nonMSIH,329,1,TCGA-AA-3814,WT
TCGA-QG-A5Z2-01Z-00-DX1,4,TCGA-QG-A5Z2_MSIH,MSIH,E:\Aamir Gulzar\dataset\Patches\Patches\TCGA-QG-A5Z2_MSIH,330,0,TCGA-QG-A5Z2,MUT
TCGA-AG-3727-01Z-00-DX1,4,TCGA-AG-3727_nonMSIH,nonMSIH,E:\Aamir Gulzar\dataset\Patches\Patches\TCGA-AG-3727_nonMSIH,331,1,TCGA-AG-3727,WT
TCGA-G4-6628-01Z-00-DX1,4,TCGA-G4-6628_MSIH,MSIH,E:\Aamir Gulzar\dataset\Patches\Patches\TCGA-G4-6628_MSIH,332,0,TCGA-G4-6628,MUT
TCGA-DC-4749-01Z-00-DX1,4,TCGA-DC-4749_nonMSIH,nonMSIH,E:\Aamir Gulzar\dataset\Patches\Patches\TCGA-DC-4749_nonMSIH,333,1,TCGA-DC-4749,WT
TCGA-AG-A01Y-01Z-00-DX1,4,TCGA-AG-A01Y_nonMSIH,nonMSIH,E:\Aamir Gulzar\dataset\Patches\Patches\TCGA-AG-A01Y_nonMSIH,334,1,TCGA-AG-A01Y,WT
TCGA-QG-A5YW-01Z-00-DX1,4,TCGA-QG-A5YW_nonMSIH,nonMSIH,,335,1,TCGA-QG-A5YW,WT
TCGA-AY-4070-01Z-00-DX1,4,TCGA-AY-4070_nonMSIH,nonMSIH,E:\Aamir Gulzar\dataset\Patches\Patches\TCGA-AY-4070_nonMSIH,336,1,TCGA-AY-4070,WT
TCGA-F4-6459-01Z-00-DX1,4,TCGA-F4-6459_nonMSIH,nonMSIH,E:\Aamir Gulzar\dataset\Patches\Patches\TCGA-F4-6459_nonMSIH,337,1,TCGA-F4-6459,WT
TCGA-G4-6307-01Z-00-DX1,4,TCGA-G4-6307_nonMSIH,nonMSIH,E:\Aamir Gulzar\dataset\Patches\Patches\TCGA-G4-6307_nonMSIH,338,1,TCGA-G4-6307,WT
TCGA-CK-5913-01Z-00-DX1,4,TCGA-CK-5913_MSIH,MSIH,E:\Aamir Gulzar\dataset\Patches\Patches\TCGA-CK-5913_MSIH,339,1,TCGA-CK-5913,WT
TCGA-AG-3885-01Z-00-DX1,4,TCGA-AG-3885_nonMSIH,nonMSIH,E:\Aamir Gulzar\dataset\Patches\Patches\TCGA-AG-3885_nonMSIH,340,1,TCGA-AG-3885,WT
TCGA-DM-A282-01Z-00-DX1,4,TCGA-DM-A282_nonMSIH,nonMSIH,E:\Aamir Gulzar\dataset\Patches\Patches\TCGA-DM-A282_nonMSIH,341,1,TCGA-DM-A282,WT
TCGA-CM-6166-01Z-00-DX1,4,TCGA-CM-6166_nonMSIH,nonMSIH,E:\Aamir Gulzar\dataset\Patches\Patches\TCGA-CM-6166_nonMSIH,342,1,TCGA-CM-6166,WT
TCGA-CK-4948-01Z-00-DX1,4,TCGA-CK-4948_nonMSIH,nonMSIH,E:\Aamir Gulzar\dataset\Patches\Patches\TCGA-CK-4948_nonMSIH,343,1,TCGA-CK-4948,WT
TCGA-CK-4952-01Z-00-DX1,4,TCGA-CK-4952_nonMSIH,nonMSIH,E:\Aamir Gulzar\dataset\Patches\Patches\TCGA-CK-4952_nonMSIH,344,0,TCGA-CK-4952,MUT
TCGA-AA-3678-01Z-00-DX1,4,TCGA-AA-3678_nonMSIH,nonMSIH,E:\Aamir Gulzar\dataset\Patches\Patches\TCGA-AA-3678_nonMSIH,345,1,TCGA-AA-3678,WT
TCGA-AZ-4681-01Z-00-DX1,4,TCGA-AZ-4681_nonMSIH,nonMSIH,E:\Aamir Gulzar\dataset\Patches\Patches\TCGA-AZ-4681_nonMSIH,346,1,TCGA-AZ-4681,WT
TCGA-AG-A01L-01Z-00-DX1,4,TCGA-AG-A01L_nonMSIH,nonMSIH,E:\Aamir Gulzar\dataset\Patches\Patches\TCGA-AG-A01L_nonMSIH,347,1,TCGA-AG-A01L,WT
TCGA-CM-6168-01Z-00-DX1,4,TCGA-CM-6168_nonMSIH,nonMSIH,E:\Aamir Gulzar\dataset\Patches\Patches\TCGA-CM-6168_nonMSIH,348,1,TCGA-CM-6168,WT
TCGA-G4-6306-01Z-00-DX1,4,TCGA-G4-6306_nonMSIH,nonMSIH,E:\Aamir Gulzar\dataset\Patches\Patches\TCGA-G4-6306_nonMSIH,349,1,TCGA-G4-6306,WT
TCGA-CK-5914-01Z-00-DX1,4,TCGA-CK-5914_nonMSIH,nonMSIH,E:\Aamir Gulzar\dataset\Patches\Patches\TCGA-CK-5914_nonMSIH,350,1,TCGA-CK-5914,WT
TCGA-A6-4105-01Z-00-DX1,4,TCGA-A6-4105_nonMSIH,nonMSIH,E:\Aamir Gulzar\dataset\Patches\Patches\TCGA-A6-4105_nonMSIH,351,1,TCGA-A6-4105,WT
TCGA-AG-3896-01Z-00-DX1,4,TCGA-AG-3896_nonMSIH,nonMSIH,E:\Aamir Gulzar\dataset\Patches\Patches\TCGA-AG-3896_nonMSIH,352,1,TCGA-AG-3896,WT
TCGA-G4-6320-01Z-00-DX1,4,TCGA-G4-6320_MSIH,MSIH,E:\Aamir Gulzar\dataset\Patches\Patches\TCGA-G4-6320_MSIH,353,1,TCGA-G4-6320,WT
TCGA-G4-6294-01Z-00-DX1,4,TCGA-G4-6294_nonMSIH,nonMSIH,E:\Aamir Gulzar\dataset\Patches\Patches\TCGA-G4-6294_nonMSIH,354,1,TCGA-G4-6294,WT
TCGA-AZ-4616-01Z-00-DX1,4,TCGA-AZ-4616_nonMSIH,nonMSIH,E:\Aamir Gulzar\dataset\Patches\Patches\TCGA-AZ-4616_nonMSIH,355,1,TCGA-AZ-4616,WT
TCGA-F4-6703-01Z-00-DX1,4,TCGA-F4-6703_MSIH,MSIH,E:\Aamir Gulzar\dataset\Patches\Patches\TCGA-F4-6703_MSIH,356,1,TCGA-F4-6703,WT
TCGA-DC-6160-01Z-00-DX1,4,TCGA-DC-6160_nonMSIH,nonMSIH,E:\Aamir Gulzar\dataset\Patches\Patches\TCGA-DC-6160_nonMSIH,357,1,TCGA-DC-6160,WT
TCGA-AA-3851-01Z-00-DX1,4,TCGA-AA-3851_nonMSIH,nonMSIH,E:\Aamir Gulzar\dataset\Patches\Patches\TCGA-AA-3851_nonMSIH,358,1,TCGA-AA-3851,WT
TCGA-CA-6719-01Z-00-DX1,4,TCGA-CA-6719_nonMSIH,nonMSIH,E:\Aamir Gulzar\dataset\Patches\Patches\TCGA-CA-6719_nonMSIH,359,1,TCGA-CA-6719,WT
TCGA-CM-5349-01Z-00-DX1,4,TCGA-CM-5349_nonMSIH,nonMSIH,E:\Aamir Gulzar\dataset\Patches\Patches\TCGA-CM-5349_nonMSIH,360,1,TCGA-CM-5349,WT
TCGA-CM-6163-01Z-00-DX1,4,TCGA-CM-6163_nonMSIH,nonMSIH,,361,1,TCGA-CM-6163,WT
TCGA-AA-A01P-01Z-00-DX1,4,TCGA-AA-A01P_MSIH,MSIH,E:\Aamir Gulzar\dataset\Patches\Patches\TCGA-AA-A01P_MSIH,362,0,TCGA-AA-A01P,MUT
TCGA-CK-6748-01Z-00-DX1,4,TCGA-CK-6748_nonMSIH,nonMSIH,E:\Aamir Gulzar\dataset\Patches\Patches\TCGA-CK-6748_nonMSIH,363,1,TCGA-CK-6748,WT
TCGA-F4-6805-01Z-00-DX1,4,TCGA-F4-6805_nonMSIH,nonMSIH,E:\Aamir Gulzar\dataset\Patches\Patches\TCGA-F4-6805_nonMSIH,364,1,TCGA-F4-6805,WT
TCGA-AA-3982-01Z-00-DX1,4,TCGA-AA-3982_nonMSIH,nonMSIH,E:\Aamir Gulzar\dataset\Patches\Patches\TCGA-AA-3982_nonMSIH,365,1,TCGA-AA-3982,WT
TCGA-CA-6716-01Z-00-DX1,4,TCGA-CA-6716_nonMSIH,nonMSIH,E:\Aamir Gulzar\dataset\Patches\Patches\TCGA-CA-6716_nonMSIH,366,1,TCGA-CA-6716,WT
TCGA-WS-AB45-01Z-00-DX1,4,TCGA-WS-AB45_MSIH,MSIH,E:\Aamir Gulzar\dataset\Patches\Patches\TCGA-WS-AB45_MSIH,367,1,TCGA-WS-AB45,WT
TCGA-AA-3666-01Z-00-DX1,4,TCGA-AA-3666_nonMSIH,nonMSIH,E:\Aamir Gulzar\dataset\Patches\Patches\TCGA-AA-3666_nonMSIH,368,1,TCGA-AA-3666,WT
TCGA-CA-6718-01Z-00-DX1,4,TCGA-CA-6718_nonMSIH,nonMSIH,E:\Aamir Gulzar\dataset\Patches\Patches\TCGA-CA-6718_nonMSIH,369,0,TCGA-CA-6718,MUT
TCGA-CM-6169-01Z-00-DX1,4,TCGA-CM-6169_nonMSIH,nonMSIH,E:\Aamir Gulzar\dataset\Patches\Patches\TCGA-CM-6169_nonMSIH,370,0,TCGA-CM-6169,MUT
TCGA-DY-A0XA-01Z-00-DX1,4,TCGA-DY-A0XA_nonMSIH,nonMSIH,E:\Aamir Gulzar\dataset\Patches\Patches\TCGA-DY-A0XA_nonMSIH,371,1,TCGA-DY-A0XA,WT
TCGA-A6-5660-01Z-00-DX1,4,TCGA-A6-5660_nonMSIH,nonMSIH,E:\Aamir Gulzar\dataset\Patches\Patches\TCGA-A6-5660_nonMSIH,372,1,TCGA-A6-5660,WT
TCGA-NH-A5IV-01Z-00-DX1,4,TCGA-NH-A5IV_MSIH,MSIH,E:\Aamir Gulzar\dataset\Patches\Patches\TCGA-NH-A5IV_MSIH,373,1,TCGA-NH-A5IV,WT
TCGA-D5-6537-01Z-00-DX1,4,TCGA-D5-6537_nonMSIH,nonMSIH,E:\Aamir Gulzar\dataset\Patches\Patches\TCGA-D5-6537_nonMSIH,374,1,TCGA-D5-6537,WT
TCGA-CM-6172-01Z-00-DX1,4,TCGA-CM-6172_nonMSIH,nonMSIH,E:\Aamir Gulzar\dataset\Patches\Patches\TCGA-CM-6172_nonMSIH,375,1,TCGA-CM-6172,WT
TCGA-AD-6895-01Z-00-DX1,4,TCGA-AD-6895_MSIH,MSIH,E:\Aamir Gulzar\dataset\Patches\Patches\TCGA-AD-6895_MSIH,376,0,TCGA-AD-6895,MUT
TCGA-D5-5538-01Z-00-DX1,4,TCGA-D5-5538_nonMSIH,nonMSIH,E:\Aamir Gulzar\dataset\Patches\Patches\TCGA-D5-5538_nonMSIH,377,1,TCGA-D5-5538,WT
TCGA-G4-6303-01Z-00-DX1,4,TCGA-G4-6303_nonMSIH,nonMSIH,E:\Aamir Gulzar\dataset\Patches\Patches\TCGA-G4-6303_nonMSIH,378,1,TCGA-G4-6303,WT
TCGA-D5-6538-01Z-00-DX1,4,TCGA-D5-6538_nonMSIH,nonMSIH,E:\Aamir Gulzar\dataset\Patches\Patches\TCGA-D5-6538_nonMSIH,379,1,TCGA-D5-6538,WT
TCGA-CM-6675-01Z-00-DX1,4,TCGA-CM-6675_nonMSIH,nonMSIH,E:\Aamir Gulzar\dataset\Patches\Patches\TCGA-CM-6675_nonMSIH,380,1,TCGA-CM-6675,WT
TCGA-CK-5912-01Z-00-DX1,4,TCGA-CK-5912_nonMSIH,nonMSIH,E:\Aamir Gulzar\dataset\Patches\Patches\TCGA-CK-5912_nonMSIH,381,1,TCGA-CK-5912,WT
TCGA-AZ-6605-01Z-00-DX1,4,TCGA-AZ-6605_nonMSIH,nonMSIH,E:\Aamir Gulzar\dataset\Patches\Patches\TCGA-AZ-6605_nonMSIH,382,1,TCGA-AZ-6605,WT
TCGA-DC-6157-01Z-00-DX1,4,TCGA-DC-6157_nonMSIH,nonMSIH,E:\Aamir Gulzar\dataset\Patches\Patches\TCGA-DC-6157_nonMSIH,383,1,TCGA-DC-6157,WT
TCGA-D5-6535-01Z-00-DX1,4,TCGA-D5-6535_nonMSIH,nonMSIH,E:\Aamir Gulzar\dataset\Patches\Patches\TCGA-D5-6535_nonMSIH,384,1,TCGA-D5-6535,WT
TCGA-AG-3893-01Z-00-DX1,4,TCGA-AG-3893_nonMSIH,nonMSIH,E:\Aamir Gulzar\dataset\Patches\Patches\TCGA-AG-3893_nonMSIH,385,1,TCGA-AG-3893,WT
TCGA-DC-4745-01Z-00-DX1,4,TCGA-DC-4745_nonMSIH,nonMSIH,E:\Aamir Gulzar\dataset\Patches\Patches\TCGA-DC-4745_nonMSIH,386,1,TCGA-DC-4745,WT
TCGA-DM-A1D9-01Z-00-DX1,4,TCGA-DM-A1D9_nonMSIH,nonMSIH,E:\Aamir Gulzar\dataset\Patches\Patches\TCGA-DM-A1D9_nonMSIH,387,1,TCGA-DM-A1D9,WT
TCGA-EI-6511-01Z-00-DX1,4,TCGA-EI-6511_nonMSIH,nonMSIH,E:\Aamir Gulzar\dataset\Patches\Patches\TCGA-EI-6511_nonMSIH,388,1,TCGA-EI-6511,WT
TCGA-NH-A6GA-01Z-00-DX1,4,TCGA-NH-A6GA_nonMSIH,nonMSIH,E:\Aamir Gulzar\dataset\Patches\Patches\TCGA-NH-A6GA_nonMSIH,389,1,TCGA-NH-A6GA,WT
TCGA-D5-6922-01Z-00-DX1,4,TCGA-D5-6922_nonMSIH,nonMSIH,E:\Aamir Gulzar\dataset\Patches\Patches\TCGA-D5-6922_nonMSIH,390,1,TCGA-D5-6922,WT
TCGA-AZ-5403-01Z-00-DX1,4,TCGA-AZ-5403_nonMSIH,nonMSIH,E:\Aamir Gulzar\dataset\Patches\Patches\TCGA-AZ-5403_nonMSIH,391,1,TCGA-AZ-5403,WT
TCGA-F4-6806-01Z-00-DX1,4,TCGA-F4-6806_nonMSIH,nonMSIH,E:\Aamir Gulzar\dataset\Patches\Patches\TCGA-F4-6806_nonMSIH,392,1,TCGA-F4-6806,WT
TCGA-D5-6532-01Z-00-DX1,4,TCGA-D5-6532_nonMSIH,nonMSIH,E:\Aamir Gulzar\dataset\Patches\Patches\TCGA-D5-6532_nonMSIH,393,1,TCGA-D5-6532,WT
TCGA-AA-A03J-01Z-00-DX1,4,TCGA-AA-A03J_nonMSIH,nonMSIH,E:\Aamir Gulzar\dataset\Patches\Patches\TCGA-AA-A03J_nonMSIH,394,1,TCGA-AA-A03J,WT
TCGA-A6-5657-01Z-00-DX1,4,TCGA-A6-5657_nonMSIH,nonMSIH,E:\Aamir Gulzar\dataset\Patches\Patches\TCGA-A6-5657_nonMSIH,395,1,TCGA-A6-5657,WT
TCGA-CA-5256-01Z-00-DX1,4,TCGA-CA-5256_nonMSIH,nonMSIH,E:\Aamir Gulzar\dataset\Patches\Patches\TCGA-CA-5256_nonMSIH,396,1,TCGA-CA-5256,WT
TCGA-QL-A97D-01Z-00-DX1,4,TCGA-QL-A97D_nonMSIH,nonMSIH,E:\Aamir Gulzar\dataset\Patches\Patches\TCGA-QL-A97D_nonMSIH,397,1,TCGA-QL-A97D,WT
TCGA-A6-A566-01Z-00-DX1,4,TCGA-A6-A566_nonMSIH,nonMSIH,E:\Aamir Gulzar\dataset\Patches\Patches\TCGA-A6-A566_nonMSIH,398,1,TCGA-A6-A566,WT
TCGA-A6-5664-01Z-00-DX1,4,TCGA-A6-5664_nonMSIH,nonMSIH,E:\Aamir Gulzar\dataset\Patches\Patches\TCGA-A6-5664_nonMSIH,399,1,TCGA-A6-5664,WT
TCGA-EI-6513-01Z-00-DX1,4,TCGA-EI-6513_nonMSIH,nonMSIH,E:\Aamir Gulzar\dataset\Patches\Patches\TCGA-EI-6513_nonMSIH,400,1,TCGA-EI-6513,WT
TCGA-AH-6544-01Z-00-DX1,4,TCGA-AH-6544_nonMSIH,nonMSIH,E:\Aamir Gulzar\dataset\Patches\Patches\TCGA-AH-6544_nonMSIH,401,1,TCGA-AH-6544,WT
TCGA-AA-3855-01Z-00-DX1,4,TCGA-AA-3855_nonMSIH,nonMSIH,E:\Aamir Gulzar\dataset\Patches\Patches\TCGA-AA-3855_nonMSIH,402,1,TCGA-AA-3855,WT
TCGA-3L-AA1B-01Z-00-DX1,4,TCGA-3L-AA1B_nonMSIH,nonMSIH,E:\Aamir Gulzar\dataset\Patches\Patches\TCGA-3L-AA1B_nonMSIH,403,0,TCGA-3L-AA1B,MUT
TCGA-D5-6924-01Z-00-DX1,4,TCGA-D5-6924_nonMSIH,nonMSIH,E:\Aamir Gulzar\dataset\Patches\Patches\TCGA-D5-6924_nonMSIH,404,1,TCGA-D5-6924,WT
TCGA-AF-2693-01Z-00-DX1,4,TCGA-AF-2693_nonMSIH,nonMSIH,E:\Aamir Gulzar\dataset\Patches\Patches\TCGA-AF-2693_nonMSIH,405,1,TCGA-AF-2693,WT
TCGA-D5-6920-01Z-00-DX1,4,TCGA-D5-6920_nonMSIH,nonMSIH,,406,1,TCGA-D5-6920,WT
TCGA-AG-A015-01Z-00-DX1,4,TCGA-AG-A015_nonMSIH,nonMSIH,E:\Aamir Gulzar\dataset\Patches\Patches\TCGA-AG-A015_nonMSIH,407,1,TCGA-AG-A015,WT
TCGA-G4-6321-01Z-00-DX1,4,TCGA-G4-6321_nonMSIH,nonMSIH,E:\Aamir Gulzar\dataset\Patches\Patches\TCGA-G4-6321_nonMSIH,408,0,TCGA-G4-6321,MUT
TCGA-AG-A026-01Z-00-DX1,4,TCGA-AG-A026_nonMSIH,nonMSIH,E:\Aamir Gulzar\dataset\Patches\Patches\TCGA-AG-A026_nonMSIH,409,1,TCGA-AG-A026,WT
TCGA-A6-5662-01Z-00-DX1,4,TCGA-A6-5662_nonMSIH,nonMSIH,E:\Aamir Gulzar\dataset\Patches\Patches\TCGA-A6-5662_nonMSIH,410,1,TCGA-A6-5662,WT
TCGA-AF-6672-01Z-00-DX1,4,TCGA-AF-6672_nonMSIH,nonMSIH,E:\Aamir Gulzar\dataset\Patches\Patches\TCGA-AF-6672_nonMSIH,411,1,TCGA-AF-6672,WT
TCGA-AA-3696-01Z-00-DX1,4,TCGA-AA-3696_nonMSIH,nonMSIH,E:\Aamir Gulzar\dataset\Patches\Patches\TCGA-AA-3696_nonMSIH,412,1,TCGA-AA-3696,WT
TCGA-AM-5821-01Z-00-DX1,4,TCGA-AM-5821_MSIH,MSIH,E:\Aamir Gulzar\dataset\Patches\Patches\TCGA-AM-5821_MSIH,413,0,TCGA-AM-5821,MUT
TCGA-AD-6899-01Z-00-DX1,4,TCGA-AD-6899_nonMSIH,nonMSIH,E:\Aamir Gulzar\dataset\Patches\Patches\TCGA-AD-6899_nonMSIH,414,1,TCGA-AD-6899,WT
TCGA-AG-4001-01Z-00-DX1,4,TCGA-AG-4001_nonMSIH,nonMSIH,E:\Aamir Gulzar\dataset\Patches\Patches\TCGA-AG-4001_nonMSIH,415,1,TCGA-AG-4001,WT
